use_static_covariates,use_covariates,use_encoders,sample_weight,input_chunk_length,hidden_size,ff_size,num_blocks,dropout,norm_type,batch_size,n_epochs,normalize_before,activation,optimizer,optimizer_kwargs.lr,optimizer_kwargs.weight_decay,WIS_1,WIS_2,WIS_3,WIS,WIS_std,error_flag,error_msg
False,True,True,linear,8,32,32,4,0.2,TimeBatchNorm2d,32,500,False,ReLU,AdamW,0.0005,0,490.07385854852146,603.7055160610162,527.0216676645148,540.2670140913508,47.32594636302865,False,
False,True,True,linear,8,32,32,4,0.2,TimeBatchNorm2d,32,500,False,ReLU,AdamW,0.0005,0.001,486.1405288161183,607.00441560808,524.6266693565182,539.2572045935722,50.41533631483604,False,
False,True,True,linear,8,32,32,4,0.2,TimeBatchNorm2d,32,500,False,ReLU,AdamW,0.0005,0.0001,487.93665347771764,586.1120224645981,530.4459814920866,534.8315524781341,40.19971553450579,False,
False,True,True,linear,8,32,32,4,0.2,TimeBatchNorm2d,32,500,False,ReLU,AdamW,0.001,0,493.80614626718034,638.522567289671,509.1254418731778,547.151385143343,64.91116955542172,False,
False,True,True,linear,8,32,32,4,0.2,TimeBatchNorm2d,32,500,False,ReLU,AdamW,0.001,0.001,482.9809509058726,714.3856445231153,520.1407289931279,572.5024414740386,101.46705461206822,False,
False,True,True,linear,8,32,32,4,0.2,TimeBatchNorm2d,32,500,False,ReLU,AdamW,0.001,0.0001,486.85189283111214,685.2263787224075,514.9652442992503,562.34783861759,87.64299495267225,False,
False,True,True,linear,8,32,32,4,0.2,TimeBatchNorm2d,32,500,False,ReLU,AdamW,0.005,0,398.1443842409413,384.4417546074552,386.36752980528945,389.651222884562,6.056814063365299,False,
False,True,True,linear,8,32,32,4,0.2,TimeBatchNorm2d,32,500,False,ReLU,AdamW,0.005,0.001,375.8771284100375,415.616483756768,388.66022920137436,393.3846137893933,16.563895438474244,False,
False,True,True,linear,8,32,32,4,0.2,TimeBatchNorm2d,32,500,False,ReLU,AdamW,0.005,0.0001,404.6126541024574,456.9580178831737,401.6386487401083,421.0697735752465,25.405848888302913,False,
False,True,True,linear,8,32,32,4,0.2,TimeBatchNorm2d,32,1000,False,ReLU,AdamW,0.0005,0,422.55085224906287,732.7868246303624,714.0152220428989,623.117632974108,142.02903086747602,False,
False,True,True,linear,8,32,32,4,0.2,TimeBatchNorm2d,32,1000,False,ReLU,AdamW,0.0005,0.001,415.6418353029987,708.9513698719285,695.1850655976676,606.5927569241982,135.13960345837933,False,
False,True,True,linear,8,32,32,4,0.2,TimeBatchNorm2d,32,1000,False,ReLU,AdamW,0.0005,0.0001,401.93074812578095,716.5388775510204,698.1477442992503,605.5391233253505,144.1685039207654,False,
False,True,True,linear,8,32,32,4,0.2,TimeBatchNorm2d,32,1000,False,ReLU,AdamW,0.001,0,588.8113295241566,777.4279899000418,777.6414022803,714.6269072348327,88.96509083985102,False,
False,True,True,linear,8,32,32,4,0.2,TimeBatchNorm2d,32,1000,False,ReLU,AdamW,0.001,0.001,609.10508915556,813.3110096053728,800.7933660453979,741.0698216021102,93.45298571060864,False,
False,True,True,linear,8,32,32,4,0.2,TimeBatchNorm2d,32,1000,False,ReLU,AdamW,0.001,0.0001,618.7562100426904,810.881685625781,780.6327125416492,736.7568694033735,84.34795709965597,False,
False,True,True,linear,8,32,32,4,0.2,TimeBatchNorm2d,32,1000,False,ReLU,AdamW,0.005,0,484.40801059454395,574.8791650614328,506.2438675291545,521.8436810617104,38.5467083275239,False,
False,True,True,linear,8,32,32,4,0.2,TimeBatchNorm2d,32,1000,False,ReLU,AdamW,0.005,0.001,455.52331788837984,407.4802968815078,493.1284699083716,452.04402822608637,35.052165678461826,False,
False,True,True,linear,8,32,32,4,0.2,TimeBatchNorm2d,32,1000,False,ReLU,AdamW,0.005,0.0001,588.0342520043732,385.98094400770515,534.5715766867972,502.8622575662919,85.48097452031315,False,
False,True,True,linear,8,32,32,6,0.2,TimeBatchNorm2d,32,500,False,ReLU,AdamW,0.0005,0,496.3589825853811,430.25146761765933,431.08909829237825,452.56651616513955,30.967838076115843,False,
False,True,True,linear,8,32,32,6,0.2,TimeBatchNorm2d,32,500,False,ReLU,AdamW,0.0005,0.001,491.942740004165,437.0018239795918,429.4911398896293,452.81190129112866,27.839055272093898,False,
False,True,True,linear,8,32,32,6,0.2,TimeBatchNorm2d,32,500,False,ReLU,AdamW,0.0005,0.0001,494.7095278009162,432.29775158788004,432.1307038733861,453.0459944207275,29.460645914239624,False,
False,True,True,linear,8,32,32,6,0.2,TimeBatchNorm2d,32,500,False,ReLU,AdamW,0.001,0,423.67970272803,407.295843398584,418.4852048625573,416.48691699639045,6.836303944326497,False,
False,True,True,linear,8,32,32,6,0.2,TimeBatchNorm2d,32,500,False,ReLU,AdamW,0.001,0.001,410.49156497292796,404.09603212203245,381.3758958506872,398.65449764854924,12.49368560989994,False,
False,True,True,linear,8,32,32,6,0.2,TimeBatchNorm2d,32,500,False,ReLU,AdamW,0.001,0.0001,404.36531497292793,420.1124018638067,396.7894628540192,407.08905989691795,9.714386610307706,False,
False,True,True,linear,8,32,32,6,0.2,TimeBatchNorm2d,32,500,False,ReLU,AdamW,0.005,0,381.6908759371095,527.8919756091211,393.0801265097876,434.22099268533935,66.39838621825264,False,
False,True,True,linear,8,32,32,6,0.2,TimeBatchNorm2d,32,500,False,ReLU,AdamW,0.005,0.001,335.21650731466053,454.2697075437318,306.82400497188667,365.43673994342635,63.87490715885644,False,
False,True,True,linear,8,32,32,6,0.2,TimeBatchNorm2d,32,500,False,ReLU,AdamW,0.005,0.0001,339.8248667221991,472.9675793940026,348.7685616670138,387.18700259440516,60.76582338162466,False,
False,True,True,linear,8,32,32,6,0.2,TimeBatchNorm2d,32,1000,False,ReLU,AdamW,0.0005,0,452.4432938098709,360.2807457830071,560.6878498542275,457.8039631490351,81.903619872694,False,
False,True,True,linear,8,32,32,6,0.2,TimeBatchNorm2d,32,1000,False,ReLU,AdamW,0.0005,0.001,468.80763588088297,356.27396970012495,559.9899712359434,461.6905256056504,83.31883446311427,False,
False,True,True,linear,8,32,32,6,0.2,TimeBatchNorm2d,32,1000,False,ReLU,AdamW,0.0005,0.0001,470.13164072261554,351.32230502915445,551.3511620158267,457.60170258919896,82.1406737212411,False,
False,True,True,linear,8,32,32,6,0.2,TimeBatchNorm2d,32,1000,False,ReLU,AdamW,0.001,0,604.9751582673887,528.0468237192837,502.94137013223656,545.3211173729696,43.40909579206957,False,
False,True,True,linear,8,32,32,6,0.2,TimeBatchNorm2d,32,1000,False,ReLU,AdamW,0.001,0.001,675.086778425656,563.7072532278218,496.7182751978342,578.5041022837706,73.56648146369274,False,
False,True,True,linear,8,32,32,6,0.2,TimeBatchNorm2d,32,1000,False,ReLU,AdamW,0.001,0.0001,602.4719746980425,565.3197835537276,484.31352131924206,550.701759857004,49.33301794144239,False,
False,True,True,linear,8,32,32,6,0.2,TimeBatchNorm2d,32,1000,False,ReLU,AdamW,0.005,0,364.54216355164516,395.1842919616826,492.18569866722197,417.3040513935166,54.406989944258875,False,
False,True,True,linear,8,32,32,6,0.2,TimeBatchNorm2d,32,1000,False,ReLU,AdamW,0.005,0.001,460.7455765826739,457.80908410558106,443.8507090795502,454.135123255935,7.370329175397572,False,
False,True,True,linear,8,32,32,6,0.2,TimeBatchNorm2d,32,1000,False,ReLU,AdamW,0.005,0.0001,350.3512466159933,420.5522266763848,547.0741614171179,439.3258782364987,81.40153068437168,False,
False,True,True,linear,8,32,64,4,0.2,TimeBatchNorm2d,32,500,False,ReLU,AdamW,0.0005,0,520.0308405351936,480.3897861568097,397.7239975531029,466.04820808170206,50.950967320387264,False,
False,True,True,linear,8,32,64,4,0.2,TimeBatchNorm2d,32,500,False,ReLU,AdamW,0.0005,0.001,526.4205116357768,480.78622787380266,395.55228862973763,467.58634271310575,54.23590861155423,False,
False,True,True,linear,8,32,64,4,0.2,TimeBatchNorm2d,32,500,False,ReLU,AdamW,0.0005,0.0001,524.2842267544772,480.66059558517287,396.33131624843816,467.09204619602934,53.110362931891366,False,
False,True,True,linear,8,32,64,4,0.2,TimeBatchNorm2d,32,500,False,ReLU,AdamW,0.001,0,354.1223926228655,593.6549597823822,381.95772022074135,443.245024208663,106.96124813871621,False,
False,True,True,linear,8,32,64,4,0.2,TimeBatchNorm2d,32,500,False,ReLU,AdamW,0.001,0.001,359.94215261870056,582.7343256715951,412.0319974750104,451.5694919217687,95.15425439342621,False,
False,True,True,linear,8,32,64,4,0.2,TimeBatchNorm2d,32,500,False,ReLU,AdamW,0.001,0.0001,367.1310569814661,580.5789556434819,400.5310483912953,449.41368700541443,93.74481542718853,False,
False,True,True,linear,8,32,64,4,0.2,TimeBatchNorm2d,32,500,False,ReLU,AdamW,0.005,0,390.7863310860058,321.4332487765514,338.0274070699708,350.08232897750935,29.56860230157578,False,
False,True,True,linear,8,32,64,4,0.2,TimeBatchNorm2d,32,500,False,ReLU,AdamW,0.005,0.001,354.8677173573512,345.9712011922116,351.2159259162849,350.6849481552826,3.651342493399452,False,
False,True,True,linear,8,32,64,4,0.2,TimeBatchNorm2d,32,500,False,ReLU,AdamW,0.005,0.0001,334.47114652748854,317.33112257913365,374.83439582465644,342.2122216437595,24.105321562594526,False,
False,True,True,linear,8,32,64,4,0.2,TimeBatchNorm2d,32,1000,False,ReLU,AdamW,0.0005,0,432.3698788265306,805.888950697626,567.641700983965,601.9668435027073,154.4080866180268,False,
False,True,True,linear,8,32,64,4,0.2,TimeBatchNorm2d,32,1000,False,ReLU,AdamW,0.0005,0.001,440.32669174302373,814.8946084964599,538.4694303154936,597.8969101849924,158.58541355366836,False,
False,True,True,linear,8,32,64,4,0.2,TimeBatchNorm2d,32,1000,False,ReLU,AdamW,0.0005,0.0001,442.2103105476885,813.5375717149103,560.1040394627239,605.2839739084409,154.92342964375874,False,
False,True,True,linear,8,32,64,4,0.2,TimeBatchNorm2d,32,1000,False,ReLU,AdamW,0.001,0,524.626592825906,855.9316966888798,460.1861873958768,613.5814923035542,173.37504172016506,False,
False,True,True,linear,8,32,64,4,0.2,TimeBatchNorm2d,32,1000,False,ReLU,AdamW,0.001,0.001,570.3656766711787,886.9013411078719,518.2480100739275,658.5050092843261,162.89613477248625,False,
False,True,True,linear,8,32,64,4,0.2,TimeBatchNorm2d,32,1000,False,ReLU,AdamW,0.001,0.0001,483.8754597042899,881.3709069137859,479.7893958246564,615.011920814244,188.35163230243774,False,
False,True,True,linear,8,32,64,4,0.2,TimeBatchNorm2d,32,1000,False,ReLU,AdamW,0.005,0,569.8714242763433,521.164670970429,612.6277079862558,567.8879344110093,37.365960080212375,False,
False,True,True,linear,8,32,64,4,0.2,TimeBatchNorm2d,32,1000,False,ReLU,AdamW,0.005,0.001,574.0202893325697,466.59985878279883,437.06999596522286,492.5633813601971,58.846829944757985,False,
False,True,True,linear,8,32,64,4,0.2,TimeBatchNorm2d,32,1000,False,ReLU,AdamW,0.005,0.0001,567.7520949604332,439.36687838400667,557.082863390254,521.400612244898,58.1699134372411,False,
False,True,True,linear,8,32,64,6,0.2,TimeBatchNorm2d,32,500,False,ReLU,AdamW,0.0005,0,417.1232439608497,471.56945439400255,424.92645369117037,437.87305068200754,24.038971662214887,False,
False,True,True,linear,8,32,64,6,0.2,TimeBatchNorm2d,32,500,False,ReLU,AdamW,0.0005,0.001,415.9315528685965,463.58279089441913,428.05171621199503,435.85535332500353,20.220990504787252,False,
False,True,True,linear,8,32,64,6,0.2,TimeBatchNorm2d,32,500,False,ReLU,AdamW,0.0005,0.0001,414.77970546126613,475.6301513692211,432.5753364483549,440.99506442628075,25.54555481508721,False,
False,True,True,linear,8,32,64,6,0.2,TimeBatchNorm2d,32,500,False,ReLU,AdamW,0.001,0,394.854533788005,622.5626833871304,374.69589012390674,464.0377024330141,112.39578852866696,False,
False,True,True,linear,8,32,64,6,0.2,TimeBatchNorm2d,32,500,False,ReLU,AdamW,0.001,0.001,393.8091835433153,671.6195806434818,366.0078466003748,477.1455369290573,137.98150562770755,False,
False,True,True,linear,8,32,64,6,0.2,TimeBatchNorm2d,32,500,False,ReLU,AdamW,0.001,0.0001,409.80916284881295,594.8562168107039,366.27065064035827,456.9786767666251,99.10116900685,False,
False,True,True,linear,8,32,64,6,0.2,TimeBatchNorm2d,32,500,False,ReLU,AdamW,0.005,0,343.12873177842556,511.23275666389003,535.8175562265723,463.3930148896293,85.62992637535523,False,
False,True,True,linear,8,32,64,6,0.2,TimeBatchNorm2d,32,500,False,ReLU,AdamW,0.005,0.001,372.1589842773844,446.59898844231566,544.0108575853811,454.25627676836046,70.36685838398678,False,
False,True,True,linear,8,32,64,6,0.2,TimeBatchNorm2d,32,500,False,ReLU,AdamW,0.005,0.0001,374.644771319242,389.7156018325698,385.14954641295293,383.1699731882549,6.309860838630224,False,
False,True,True,linear,8,32,64,6,0.2,TimeBatchNorm2d,32,1000,False,ReLU,AdamW,0.0005,0,635.1244741774261,738.4356774521035,369.83957947209495,581.1332437005416,155.2461713705646,False,
False,True,True,linear,8,32,64,6,0.2,TimeBatchNorm2d,32,1000,False,ReLU,AdamW,0.0005,0.001,651.552642258434,729.4732413577676,379.9620962619742,586.9959932927253,149.8113943837484,False,
False,True,True,linear,8,32,64,6,0.2,TimeBatchNorm2d,32,1000,False,ReLU,AdamW,0.0005,0.0001,610.7318010724699,752.3978787484383,373.2646148740108,578.7980982316398,156.4189438162013,False,
False,True,True,linear,8,32,64,6,0.2,TimeBatchNorm2d,32,1000,False,ReLU,AdamW,0.001,0,696.7252902436485,799.4351522802998,467.6610519054561,654.6071648098015,138.68180795723273,False,
False,True,True,linear,8,32,64,6,0.2,TimeBatchNorm2d,32,1000,False,ReLU,AdamW,0.001,0.001,695.6299841211995,782.9554451270305,472.7489622813411,650.4447971765237,130.60957427716195,False,
False,True,True,linear,8,32,64,6,0.2,TimeBatchNorm2d,32,1000,False,ReLU,AdamW,0.001,0.0001,646.6468222875885,849.6962049666805,478.18553376197417,658.1761870054144,151.8875447885493,False,
False,True,True,linear,8,32,64,6,0.2,TimeBatchNorm2d,32,1000,False,ReLU,AdamW,0.005,0,425.23575983965014,769.1433482142858,416.1452975322783,536.841468528738,164.30415211900853,False,
False,True,True,linear,8,32,64,6,0.2,TimeBatchNorm2d,32,1000,False,ReLU,AdamW,0.005,0.001,460.5288979852145,543.470488988963,521.1801583975428,508.3931817905734,35.04717732446423,False,
False,True,True,linear,8,32,64,6,0.2,TimeBatchNorm2d,32,1000,False,ReLU,AdamW,0.005,0.0001,473.1910361568096,594.5137863129946,468.8006722459392,512.1684982385812,58.25449152847114,False,
False,True,True,linear,8,64,32,4,0.2,TimeBatchNorm2d,32,500,False,ReLU,AdamW,0.0005,0,562.1044746980425,469.4596325749688,332.9412976364015,454.8351349698043,94.12526185142454,False,
False,True,True,linear,8,64,32,4,0.2,TimeBatchNorm2d,32,500,False,ReLU,AdamW,0.0005,0.001,573.4420576062058,474.285927217826,334.9826089389838,460.90353125433853,97.80948677901529,False,
False,True,True,linear,8,64,32,4,0.2,TimeBatchNorm2d,32,500,False,ReLU,AdamW,0.0005,0.0001,581.4207102509371,472.7681260412328,335.4662433621408,463.2183598847703,100.63729749574404,False,
False,True,True,linear,8,64,32,4,0.2,TimeBatchNorm2d,32,500,False,ReLU,AdamW,0.001,0,490.2485891295293,352.8824208663057,323.80812994585585,388.979713313897,72.58497321463175,False,
False,True,True,linear,8,64,32,4,0.2,TimeBatchNorm2d,32,500,False,ReLU,AdamW,0.001,0.001,525.6151871615994,351.9830392284465,320.957969986464,399.5187321255033,90.05877973068516,False,
False,True,True,linear,8,64,32,4,0.2,TimeBatchNorm2d,32,500,False,ReLU,AdamW,0.001,0.0001,496.6870828561017,354.859916050604,321.1350171803415,390.8940053623491,76.06345436608272,False,
False,True,True,linear,8,64,32,4,0.2,TimeBatchNorm2d,32,500,False,ReLU,AdamW,0.005,0,559.9747648115369,519.4930154102457,306.2824289358601,461.9167363858808,111.28408466692484,False,
False,True,True,linear,8,64,32,4,0.2,TimeBatchNorm2d,32,500,False,ReLU,AdamW,0.005,0.001,483.62902592669724,388.1613261401499,286.6527150145772,386.1476890271415,80.42784681917993,False,
False,True,True,linear,8,64,32,4,0.2,TimeBatchNorm2d,32,500,False,ReLU,AdamW,0.005,0.0001,523.7901777905039,429.02039475739275,288.2141735214494,413.6749153564487,96.78369783655714,False,
False,True,True,linear,8,64,32,4,0.2,TimeBatchNorm2d,32,1000,False,ReLU,AdamW,0.0005,0,627.7092756924197,577.7751733652647,475.1866960381091,560.2237150319312,63.49186086064596,False,
False,True,True,linear,8,64,32,4,0.2,TimeBatchNorm2d,32,1000,False,ReLU,AdamW,0.0005,0.001,640.1793194241982,567.3792097042899,480.83177946688886,562.7967695317924,65.13400899203867,False,
False,True,True,linear,8,64,32,4,0.2,TimeBatchNorm2d,32,1000,False,ReLU,AdamW,0.0005,0.0001,580.573368908788,552.0590303519367,501.2954927634319,544.6426306747188,32.787168726589584,False,
False,True,True,linear,8,64,32,4,0.2,TimeBatchNorm2d,32,1000,False,ReLU,AdamW,0.001,0,726.053777983132,592.3473227301125,564.1053075541441,627.5021360891295,70.63390331043907,False,
False,True,True,linear,8,64,32,4,0.2,TimeBatchNorm2d,32,1000,False,ReLU,AdamW,0.001,0.001,732.697681434819,553.3833428779675,528.9311223188255,605.0040488772039,90.84318216717429,False,
False,True,True,linear,8,64,32,4,0.2,TimeBatchNorm2d,32,1000,False,ReLU,AdamW,0.001,0.0001,823.714273349646,537.0015181174512,504.93156028738025,621.8824505848257,143.31593086425755,False,
False,True,True,linear,8,64,32,4,0.2,TimeBatchNorm2d,32,1000,False,ReLU,AdamW,0.005,0,533.7536491305707,585.532359043107,527.5985330331112,548.9615137355962,25.98129337841249,False,
False,True,True,linear,8,64,32,4,0.2,TimeBatchNorm2d,32,1000,False,ReLU,AdamW,0.005,0.001,474.7716195074969,505.5896955695544,545.2082560651812,508.5231903807442,28.83035421502004,False,
False,True,True,linear,8,64,32,4,0.2,TimeBatchNorm2d,32,1000,False,ReLU,AdamW,0.005,0.0001,478.7578218710954,446.77304209183677,472.96261687838404,466.1644936137721,13.914438408180235,False,
False,True,True,linear,8,64,32,6,0.2,TimeBatchNorm2d,32,500,False,ReLU,AdamW,0.0005,0,493.142299302374,644.0619553050813,417.9335434454394,518.3792660176316,94.02550373624247,False,
False,True,True,linear,8,64,32,6,0.2,TimeBatchNorm2d,32,500,False,ReLU,AdamW,0.0005,0.001,510.86664579862554,631.9199347927946,418.36307606205753,520.3832188844926,87.44353168458291,False,
False,True,True,linear,8,64,32,6,0.2,TimeBatchNorm2d,32,500,False,ReLU,AdamW,0.0005,0.0001,517.5975642961266,623.3770837671804,417.4283972823823,519.4676817818964,84.08859760499178,False,
False,True,True,linear,8,64,32,6,0.2,TimeBatchNorm2d,32,500,False,ReLU,AdamW,0.001,0,430.16354591836745,539.336375728863,371.1897338348605,446.8965518273637,69.65782277256139,False,
False,True,True,linear,8,64,32,6,0.2,TimeBatchNorm2d,32,500,False,ReLU,AdamW,0.001,0.001,435.74647217305295,524.4164962515619,392.9116676645148,451.02487869637656,54.76283572427629,False,
False,True,True,linear,8,64,32,6,0.2,TimeBatchNorm2d,32,500,False,ReLU,AdamW,0.001,0.0001,432.9748077623907,528.3333928571429,392.9339561640983,451.4140522612106,56.793521740094604,False,
False,True,True,linear,8,64,32,6,0.2,TimeBatchNorm2d,32,500,False,ReLU,AdamW,0.005,0,618.6154793575595,474.5112488286131,393.7349790451895,495.6205690771207,93.01258841755775,False,
False,True,True,linear,8,64,32,6,0.2,TimeBatchNorm2d,32,500,False,ReLU,AdamW,0.005,0.001,440.10249765722614,497.99029076426496,323.6074569189921,420.5667484468277,72.519318382004,False,
False,True,True,linear,8,64,32,6,0.2,TimeBatchNorm2d,32,500,False,ReLU,AdamW,0.005,0.0001,341.0355528946272,474.1992410714287,372.3922202988338,395.8756714216299,56.84333041902494,False,
False,True,True,linear,8,64,32,6,0.2,TimeBatchNorm2d,32,1000,False,ReLU,AdamW,0.0005,0,518.2914639733444,613.1696847667638,435.44905065597675,522.303399798695,72.60958462436902,False,
False,True,True,linear,8,64,32,6,0.2,TimeBatchNorm2d,32,1000,False,ReLU,AdamW,0.0005,0.001,540.4160502134528,612.0077012182425,456.5645162172012,536.3294225496321,63.52517262242853,False,
False,True,True,linear,8,64,32,6,0.2,TimeBatchNorm2d,32,1000,False,ReLU,AdamW,0.0005,0.0001,535.592693018534,593.4279511141192,457.22745522698875,528.749366453214,55.813780310569484,False,
False,True,True,linear,8,64,32,6,0.2,TimeBatchNorm2d,32,1000,False,ReLU,AdamW,0.001,0,482.99743427217834,512.9226937994586,401.62020291024567,465.8467769939609,47.02956448407027,False,
False,True,True,linear,8,64,32,6,0.2,TimeBatchNorm2d,32,1000,False,ReLU,AdamW,0.001,0.001,518.5546789098292,553.8515437578092,333.74423599541853,468.71681955435224,96.52172778345182,False,
False,True,True,linear,8,64,32,6,0.2,TimeBatchNorm2d,32,1000,False,ReLU,AdamW,0.001,0.0001,485.61742945647654,560.9306234381507,366.68310886089137,471.07705391850624,79.96495532606582,False,
False,True,True,linear,8,64,32,6,0.2,TimeBatchNorm2d,32,1000,False,ReLU,AdamW,0.005,0,469.5584201895044,684.1217969075385,517.8610798885882,557.1804323285437,91.90164766163275,False,
False,True,True,linear,8,64,32,6,0.2,TimeBatchNorm2d,32,1000,False,ReLU,AdamW,0.005,0.001,533.3487129060808,682.3874508017494,586.3699716264057,600.702045111412,61.68302087375515,False,
False,True,True,linear,8,64,32,6,0.2,TimeBatchNorm2d,32,1000,False,ReLU,AdamW,0.005,0.0001,417.94785974593924,616.8689448406914,542.7949639473137,525.8705895113147,82.086236610676,False,
False,True,True,linear,8,64,64,4,0.2,TimeBatchNorm2d,32,500,False,ReLU,AdamW,0.0005,0,518.9882265201999,485.9381192732194,457.65434623594325,487.5268973431209,25.06464148952239,False,
False,True,True,linear,8,64,64,4,0.2,TimeBatchNorm2d,32,500,False,ReLU,AdamW,0.0005,0.001,499.7773141399417,490.8619698823407,442.41018846314034,477.68315749514096,25.205919927102293,False,
False,True,True,linear,8,64,64,4,0.2,TimeBatchNorm2d,32,500,False,ReLU,AdamW,0.0005,0.0001,522.6077426072469,503.17497396917946,437.4057932892545,487.72950328856024,36.457874918009466,False,
False,True,True,linear,8,64,64,4,0.2,TimeBatchNorm2d,32,500,False,ReLU,AdamW,0.001,0,552.4083502967513,401.30632236568096,362.94858795814247,438.8877535401916,81.78436428883742,False,
False,True,True,linear,8,64,64,4,0.2,TimeBatchNorm2d,32,500,False,ReLU,AdamW,0.001,0.001,538.4752220428988,431.5856341107871,386.2977289410663,452.1195283649174,63.80035507539347,False,
False,True,True,linear,8,64,64,4,0.2,TimeBatchNorm2d,32,500,False,ReLU,AdamW,0.001,0.0001,551.4766687057476,455.1061240108288,357.6572784777176,454.746690398098,79.12684290211006,False,
False,True,True,linear,8,64,64,4,0.2,TimeBatchNorm2d,32,500,False,ReLU,AdamW,0.005,0,458.0220685391504,694.7267604643899,539.1194598604748,563.956096288005,98.21718002003055,False,
False,True,True,linear,8,64,64,4,0.2,TimeBatchNorm2d,32,500,False,ReLU,AdamW,0.005,0.001,412.16937291753436,513.7761950749688,453.2869437213662,459.74417057128977,41.73135041489916,False,
False,True,True,linear,8,64,64,4,0.2,TimeBatchNorm2d,32,500,False,ReLU,AdamW,0.005,0.0001,454.9747169148272,481.3711892180342,410.22021891920025,448.8553750173539,29.367781695366062,False,
False,True,True,linear,8,64,64,4,0.2,TimeBatchNorm2d,32,1000,False,ReLU,AdamW,0.0005,0,706.2855367555186,650.2266668835902,513.1958132028321,623.2360056139803,81.10603011795251,False,
False,True,True,linear,8,64,64,4,0.2,TimeBatchNorm2d,32,1000,False,ReLU,AdamW,0.0005,0.001,725.3688753384007,689.1514074864641,548.0005112453144,654.1735980233931,76.5178389283204,False,
False,True,True,linear,8,64,64,4,0.2,TimeBatchNorm2d,32,1000,False,ReLU,AdamW,0.0005,0.0001,691.1656415295711,688.9595550031237,495.6472407330279,625.2574790885742,91.65270361306567,False,
False,True,True,linear,8,64,64,4,0.2,TimeBatchNorm2d,32,1000,False,ReLU,AdamW,0.001,0,608.058291467097,692.3628495939192,618.0622709287798,639.4944706632654,37.606019193154445,False,
False,True,True,linear,8,64,64,4,0.2,TimeBatchNorm2d,32,1000,False,ReLU,AdamW,0.001,0.001,624.6648102353187,696.040585693461,672.6699647282383,664.4584535523393,29.71191699645923,False,
False,True,True,linear,8,64,64,4,0.2,TimeBatchNorm2d,32,1000,False,ReLU,AdamW,0.001,0.0001,650.8517229800083,726.4461844023324,592.5138525614328,656.603919981258,54.828722435362884,False,
False,True,True,linear,8,64,64,4,0.2,TimeBatchNorm2d,32,1000,False,ReLU,AdamW,0.005,0,523.0398068513119,508.4494737869638,382.9895682788423,471.4929496390393,62.86417018129118,False,
False,True,True,linear,8,64,64,4,0.2,TimeBatchNorm2d,32,1000,False,ReLU,AdamW,0.005,0.001,503.0442065805915,564.8759522074137,475.6995069762599,514.5398885880884,37.30257028346578,False,
False,True,True,linear,8,64,64,4,0.2,TimeBatchNorm2d,32,1000,False,ReLU,AdamW,0.005,0.0001,527.9453922844648,510.11783215326943,453.30115928259056,497.1214612401083,31.82891371896386,False,
False,True,True,linear,8,64,64,6,0.2,TimeBatchNorm2d,32,500,False,ReLU,AdamW,0.0005,0,433.065585693461,440.69308751561846,433.9787952936277,435.9124895009024,3.40088968528233,False,
False,True,True,linear,8,64,64,6,0.2,TimeBatchNorm2d,32,500,False,ReLU,AdamW,0.0005,0.001,438.9911538161183,443.59810886089133,421.3695043731778,434.65292235006245,9.579245048805857,False,
False,True,True,linear,8,64,64,6,0.2,TimeBatchNorm2d,32,500,False,ReLU,AdamW,0.0005,0.0001,436.6993954341942,442.8570780403998,448.76298976988755,442.77315441482716,4.925299277217599,False,
False,True,True,linear,8,64,64,6,0.2,TimeBatchNorm2d,32,500,False,ReLU,AdamW,0.001,0,510.17124934922947,425.86406939816743,405.7752294616826,447.27018273635986,45.22756171684049,False,
False,True,True,linear,8,64,64,6,0.2,TimeBatchNorm2d,32,500,False,ReLU,AdamW,0.001,0.001,496.82169356518114,409.9507464337776,427.0596310131195,444.6106903373595,37.573662109062674,False,
False,True,True,linear,8,64,64,6,0.2,TimeBatchNorm2d,32,500,False,ReLU,AdamW,0.001,0.0001,501.28257913369436,423.00359420553934,411.1087609329447,445.13164475739285,40.00056114726809,False,
False,True,True,linear,8,64,64,6,0.2,TimeBatchNorm2d,32,500,False,ReLU,AdamW,0.005,0,550.3579850843399,550.0992150406081,535.757029883382,545.4047433361101,6.822781526295826,False,
False,True,True,linear,8,64,64,6,0.2,TimeBatchNorm2d,32,500,False,ReLU,AdamW,0.005,0.001,621.3624595220742,466.28151980945444,437.86348943148687,508.50248958767185,80.64294026896766,False,
False,True,True,linear,8,64,64,6,0.2,TimeBatchNorm2d,32,500,False,ReLU,AdamW,0.005,0.0001,588.3450831684714,406.0632565857976,371.3334218815077,455.2472538785923,95.17637828756037,False,
False,True,True,linear,8,64,64,6,0.2,TimeBatchNorm2d,32,1000,False,ReLU,AdamW,0.0005,0,621.9858214025406,551.2426099802166,514.7111540764265,562.6465284863946,44.53089250137689,False,
False,True,True,linear,8,64,64,6,0.2,TimeBatchNorm2d,32,1000,False,ReLU,AdamW,0.0005,0.001,597.3805545866306,519.2707719439817,522.6634801905456,546.4382689070526,36.048254419193725,False,
False,True,True,linear,8,64,64,6,0.2,TimeBatchNorm2d,32,1000,False,ReLU,AdamW,0.0005,0.0001,604.2613882236568,538.7439258381925,521.2765617190755,554.7606252603083,35.721341452812844,False,
False,True,True,linear,8,64,64,6,0.2,TimeBatchNorm2d,32,1000,False,ReLU,AdamW,0.001,0,599.4859355476884,571.2437804560601,536.2104353654728,568.9800504564072,25.8816612805398,False,
False,True,True,linear,8,64,64,6,0.2,TimeBatchNorm2d,32,1000,False,ReLU,AdamW,0.001,0.001,653.5458849177427,590.0214383329863,539.8914854487714,594.4862695665001,46.50649895889782,False,
False,True,True,linear,8,64,64,6,0.2,TimeBatchNorm2d,32,1000,False,ReLU,AdamW,0.001,0.0001,646.1785335537277,597.2110611463975,573.0583092982091,605.4826346661115,30.418809917147822,False,
False,True,True,linear,8,64,64,6,0.2,TimeBatchNorm2d,32,1000,False,ReLU,AdamW,0.005,0,453.9584647022074,542.2911909100375,364.4317807684298,453.5604787935583,72.61134547974243,False,
False,True,True,linear,8,64,64,6,0.2,TimeBatchNorm2d,32,1000,False,ReLU,AdamW,0.005,0.001,486.77759240941276,482.95590912640563,350.7987407590587,440.17741409829233,63.219520992016285,False,
False,True,True,linear,8,64,64,6,0.2,TimeBatchNorm2d,32,1000,False,ReLU,AdamW,0.005,0.0001,388.4833493856726,516.0570180393586,350.55745379529355,418.365940406775,70.79196459036245,False,
False,False,True,linear,8,32,32,4,0.2,TimeBatchNorm2d,32,500,False,ReLU,AdamW,0.0005,0,397.02569372136617,444.35273414723036,377.71098956164104,406.3631391434125,27.996088364984157,False,
False,False,True,linear,8,32,32,4,0.2,TimeBatchNorm2d,32,500,False,ReLU,AdamW,0.0005,0.001,395.939895746564,449.97633264785503,377.62074448146603,407.845657625295,30.715285653463667,False,
False,False,True,linear,8,32,32,4,0.2,TimeBatchNorm2d,32,500,False,ReLU,AdamW,0.0005,0.0001,394.04137299562683,443.65867906601414,373.4909691274469,403.7303403963626,29.45373713102316,False,
False,False,True,linear,8,32,32,4,0.2,TimeBatchNorm2d,32,500,False,ReLU,AdamW,0.001,0,362.4255886870054,380.8082560651811,299.4185876978342,347.5508108166736,34.85220023427946,False,
False,False,True,linear,8,32,32,4,0.2,TimeBatchNorm2d,32,500,False,ReLU,AdamW,0.001,0.001,364.6940212411495,386.18177816534774,303.63844205539357,351.5047471539636,34.96491858277762,False,
False,False,True,linear,8,32,32,4,0.2,TimeBatchNorm2d,32,500,False,ReLU,AdamW,0.001,0.0001,356.34397295397747,377.64711981986676,297.28790660141607,343.7596664584201,33.99190457302739,False,
False,False,True,linear,8,32,32,4,0.2,TimeBatchNorm2d,32,500,False,ReLU,AdamW,0.005,0,396.68656054768843,373.91333702103293,313.398822365681,361.33290664480074,35.14647686665121,False,
False,False,True,linear,8,32,32,4,0.2,TimeBatchNorm2d,32,500,False,ReLU,AdamW,0.005,0.001,389.5411821897127,378.8704990108289,360.15175174406494,376.1878109815355,12.14721550470936,False,
False,False,True,linear,8,32,32,4,0.2,TimeBatchNorm2d,32,500,False,ReLU,AdamW,0.005,0.0001,444.089593398584,426.7351665972511,353.9142539566847,408.2463379841733,39.066401152211455,False,
False,False,True,linear,8,32,32,4,0.2,TimeBatchNorm2d,32,1000,False,ReLU,AdamW,0.0005,0,286.8887637963349,277.9128648219492,416.57530560183255,327.1256447400389,63.35652064214081,False,
False,False,True,linear,8,32,32,4,0.2,TimeBatchNorm2d,32,1000,False,ReLU,AdamW,0.0005,0.001,274.2853563619325,263.6454283371512,446.6546510568513,328.1951452519783,83.8760708972636,False,
False,False,True,linear,8,32,32,4,0.2,TimeBatchNorm2d,32,1000,False,ReLU,AdamW,0.0005,0.0001,274.17166844543937,281.4957641347355,440.43725739275305,332.0348966576426,76.71034025964273,False,
False,False,True,linear,8,32,32,4,0.2,TimeBatchNorm2d,32,1000,False,ReLU,AdamW,0.001,0,291.72669942211576,340.4766910922532,341.2309555914203,324.47811536859643,23.160795375061664,False,
False,False,True,linear,8,32,32,4,0.2,TimeBatchNorm2d,32,1000,False,ReLU,AdamW,0.001,0.001,287.79272959183675,365.40271826842985,365.5486367659309,339.58136154206585,36.62014129327552,False,
False,False,True,linear,8,32,32,4,0.2,TimeBatchNorm2d,32,1000,False,ReLU,AdamW,0.001,0.0001,280.59298898896293,308.5244840691379,323.5601606101624,304.2258778894211,17.802677150691455,False,
False,False,True,linear,8,32,32,4,0.2,TimeBatchNorm2d,32,1000,False,ReLU,AdamW,0.005,0,319.9636867451062,393.6266507444815,314.59620470637236,342.7288473986534,36.056827877966725,False,
False,False,True,linear,8,32,32,4,0.2,TimeBatchNorm2d,32,1000,False,ReLU,AdamW,0.005,0.001,337.8830116357767,474.4269461942941,271.0289171178676,361.1129583159795,84.64597795177082,False,
False,False,True,linear,8,32,32,4,0.2,TimeBatchNorm2d,32,1000,False,ReLU,AdamW,0.005,0.0001,257.2983509475219,461.5273210381091,345.3455826999167,354.72375156184927,83.6394268849633,False,
False,False,True,linear,8,32,32,6,0.2,TimeBatchNorm2d,32,500,False,ReLU,AdamW,0.0005,0,323.34409256559775,407.65704407017904,371.16789267492715,367.3896764369013,34.52414262811297,False,
False,False,True,linear,8,32,32,6,0.2,TimeBatchNorm2d,32,500,False,ReLU,AdamW,0.0005,0.001,324.69249687630156,411.1776724541858,365.9293517024157,367.2665070109677,35.32008292670294,False,
False,False,True,linear,8,32,32,6,0.2,TimeBatchNorm2d,32,500,False,ReLU,AdamW,0.0005,0.0001,323.7513446220326,412.2546943981674,367.0046893221574,367.6702427807858,36.13440605529983,False,
False,False,True,linear,8,32,32,6,0.2,TimeBatchNorm2d,32,500,False,ReLU,AdamW,0.001,0,274.7700894158684,339.5729645199917,318.23524963556855,310.85943452380957,26.964855421607442,False,
False,False,True,linear,8,32,32,6,0.2,TimeBatchNorm2d,32,500,False,ReLU,AdamW,0.001,0.001,270.80026538421487,344.49271462411497,309.06578600062477,308.1195886696515,30.092255213877085,False,
False,False,True,linear,8,32,32,6,0.2,TimeBatchNorm2d,32,500,False,ReLU,AdamW,0.001,0.0001,276.05650197834234,341.7600890254061,306.1664173781758,307.9943361273081,26.85450059025294,False,
False,False,True,linear,8,32,32,6,0.2,TimeBatchNorm2d,32,500,False,ReLU,AdamW,0.005,0,248.0509182371928,348.3644884943773,453.88112453144515,350.0988437543385,84.03877853669474,False,
False,False,True,linear,8,32,32,6,0.2,TimeBatchNorm2d,32,500,False,ReLU,AdamW,0.005,0.001,304.5546744845897,300.4407412276135,458.9103701582674,354.63526195682357,73.7527615506829,False,
False,False,True,linear,8,32,32,6,0.2,TimeBatchNorm2d,32,500,False,ReLU,AdamW,0.005,0.0001,270.47343854123284,321.44752459912536,419.5783767180342,337.1664466194641,61.87828929593996,False,
False,False,True,linear,8,32,32,6,0.2,TimeBatchNorm2d,32,1000,False,ReLU,AdamW,0.0005,0,226.26225804352353,395.94442510932953,283.93942458871305,302.04870258052205,70.44604988725054,False,
False,False,True,linear,8,32,32,6,0.2,TimeBatchNorm2d,32,1000,False,ReLU,AdamW,0.0005,0.001,226.2081520720533,400.20372501041237,270.5701849489796,298.99402067714846,73.82208648123044,False,
False,False,True,linear,8,32,32,6,0.2,TimeBatchNorm2d,32,1000,False,ReLU,AdamW,0.0005,0.0001,231.58913421491047,384.3061970272803,274.04896553519376,296.64809892579484,64.36182067558356,False,
False,False,True,linear,8,32,32,6,0.2,TimeBatchNorm2d,32,1000,False,ReLU,AdamW,0.001,0,288.670632548938,558.6525484173262,387.7832546334861,411.70214519991674,111.50977152530335,False,
False,False,True,linear,8,32,32,6,0.2,TimeBatchNorm2d,32,1000,False,ReLU,AdamW,0.001,0.001,321.74420345689293,512.4873089337776,348.5684640514369,394.2666588140358,84.3088640067453,False,
False,False,True,linear,8,32,32,6,0.2,TimeBatchNorm2d,32,1000,False,ReLU,AdamW,0.001,0.0001,293.3201008694294,622.412108756768,337.24819944814664,417.66013635811464,145.8879641186792,False,
False,False,True,linear,8,32,32,6,0.2,TimeBatchNorm2d,32,1000,False,ReLU,AdamW,0.005,0,309.7089096990837,536.2104269054561,310.5447066326531,385.4880144123976,106.57738615648971,False,
False,False,True,linear,8,32,32,6,0.2,TimeBatchNorm2d,32,1000,False,ReLU,AdamW,0.005,0.001,254.40218841107873,400.708025952728,354.3722951374428,336.4941698337498,61.05227294688696,False,
False,False,True,linear,8,32,32,6,0.2,TimeBatchNorm2d,32,1000,False,ReLU,AdamW,0.005,0.0001,254.57869117034573,392.6201492867555,359.293152983132,335.49733114674444,58.81350124122836,False,
False,False,True,linear,8,32,64,4,0.2,TimeBatchNorm2d,32,500,False,ReLU,AdamW,0.0005,0,401.9496947886297,402.06269093606835,394.75302790503946,399.58847120991254,3.4194859261118133,False,
False,False,True,linear,8,32,64,4,0.2,TimeBatchNorm2d,32,500,False,ReLU,AdamW,0.0005,0.001,403.0532339389838,403.67596717513544,387.98366539983346,398.2376221713175,7.255098036298364,False,
False,False,True,linear,8,32,64,4,0.2,TimeBatchNorm2d,32,500,False,ReLU,AdamW,0.0005,0.0001,407.8875911078717,406.06351129737607,394.17507054352353,402.7087243162571,6.07998091134239,False,
False,False,True,linear,8,32,64,4,0.2,TimeBatchNorm2d,32,500,False,ReLU,AdamW,0.001,0,342.2364678779675,348.67160896501457,323.9948051593086,338.3009606674303,10.45154930363498,False,
False,False,True,linear,8,32,64,4,0.2,TimeBatchNorm2d,32,500,False,ReLU,AdamW,0.001,0.001,361.82179859954186,346.7168081007913,301.2473511037068,336.5953192680133,25.744246276277682,False,
False,False,True,linear,8,32,64,4,0.2,TimeBatchNorm2d,32,500,False,ReLU,AdamW,0.001,0.0001,358.2657062161599,328.0704568408996,318.85400028633904,335.06338778113286,16.832437997822794,False,
False,False,True,linear,8,32,64,4,0.2,TimeBatchNorm2d,32,500,False,ReLU,AdamW,0.005,0,314.6828669044148,385.8293156497293,348.7041968190337,349.73879312439266,29.05462767963952,False,
False,False,True,linear,8,32,64,4,0.2,TimeBatchNorm2d,32,500,False,ReLU,AdamW,0.005,0.001,263.24579992711364,373.1050766607663,332.7628851259892,323.0379205712897,45.37397471975127,False,
False,False,True,linear,8,32,64,4,0.2,TimeBatchNorm2d,32,500,False,ReLU,AdamW,0.005,0.0001,259.524508407955,328.5940017180342,406.3899570491462,331.5028223917118,59.99283806938014,False,
False,False,True,linear,8,32,64,4,0.2,TimeBatchNorm2d,32,1000,False,ReLU,AdamW,0.0005,0,347.6553020876718,554.4052062942525,342.0503915035402,414.7036332951548,98.81042751815446,False,
False,False,True,linear,8,32,64,4,0.2,TimeBatchNorm2d,32,1000,False,ReLU,AdamW,0.0005,0.001,368.0142650197834,544.9807250885048,338.129992320908,417.0416608097321,91.28552482944612,False,
False,False,True,linear,8,32,64,4,0.2,TimeBatchNorm2d,32,1000,False,ReLU,AdamW,0.0005,0.0001,387.06939829758437,541.119555393586,347.27288330383175,425.1539456650007,83.5940892296575,False,
False,False,True,linear,8,32,64,4,0.2,TimeBatchNorm2d,32,1000,False,ReLU,AdamW,0.001,0,458.18467044981253,582.7897886297376,371.1921906236985,470.7222165677495,86.83808080742718,False,
False,False,True,linear,8,32,64,4,0.2,TimeBatchNorm2d,32,1000,False,ReLU,AdamW,0.001,0.001,455.6960662224073,612.459674875052,419.7877030403998,495.981148045953,83.65718955280366,False,
False,False,True,linear,8,32,64,4,0.2,TimeBatchNorm2d,32,1000,False,ReLU,AdamW,0.001,0.0001,469.7126818252811,718.2194275822575,405.70304183152854,531.211717079689,134.79174392024606,False,
False,False,True,linear,8,32,64,4,0.2,TimeBatchNorm2d,32,1000,False,ReLU,AdamW,0.005,0,516.3106722459391,331.1661703456893,384.4885893898376,410.65514399382204,77.81661382530673,False,
False,False,True,linear,8,32,64,4,0.2,TimeBatchNorm2d,32,1000,False,ReLU,AdamW,0.005,0.001,446.6787160297793,580.549589754269,519.5691184662641,515.5991414167707,54.72460291477498,False,
False,False,True,linear,8,32,64,4,0.2,TimeBatchNorm2d,32,1000,False,ReLU,AdamW,0.005,0.0001,390.4773304092045,404.68216381195333,431.05107129841736,408.7368551731917,16.8104630902388,False,
False,False,True,linear,8,32,64,6,0.2,TimeBatchNorm2d,32,500,False,ReLU,AdamW,0.0005,0,424.00011518638064,413.7788979852145,355.3625589598084,397.7138573771345,30.23621094530432,False,
False,False,True,linear,8,32,64,6,0.2,TimeBatchNorm2d,32,500,False,ReLU,AdamW,0.0005,0.001,430.49017375572686,415.55042300083295,355.7593251509788,400.59997396917953,32.28840739318571,False,
False,False,True,linear,8,32,64,6,0.2,TimeBatchNorm2d,32,500,False,ReLU,AdamW,0.0005,0.0001,436.9022093658892,413.030234928155,356.1507953717201,402.02774655525474,33.87219880975424,False,
False,False,True,linear,8,32,64,6,0.2,TimeBatchNorm2d,32,500,False,ReLU,AdamW,0.001,0,327.4894871928363,389.1555133277801,379.90218567784257,365.5157287328196,27.152683138039254,False,
False,False,True,linear,8,32,64,6,0.2,TimeBatchNorm2d,32,500,False,ReLU,AdamW,0.001,0.001,321.1313483965014,386.454942732195,373.1504555393586,360.24558222268496,28.186223712103413,False,
False,False,True,linear,8,32,64,6,0.2,TimeBatchNorm2d,32,500,False,ReLU,AdamW,0.001,0.0001,318.18480177530193,355.7141258850479,371.97870939192,348.6258790174233,22.525963640631858,False,
False,False,True,linear,8,32,64,6,0.2,TimeBatchNorm2d,32,500,False,ReLU,AdamW,0.005,0,297.2018415503957,289.8344957830071,273.2912480476885,286.77586179369706,9.998184896048153,False,
False,False,True,linear,8,32,64,6,0.2,TimeBatchNorm2d,32,500,False,ReLU,AdamW,0.005,0.001,332.48238338192425,289.90208415764266,276.35696207309456,299.5804765375538,23.913304366231646,False,
False,False,True,linear,8,32,64,6,0.2,TimeBatchNorm2d,32,500,False,ReLU,AdamW,0.005,0.0001,295.77502264681385,293.29074409100383,309.39310430549773,299.4862903477718,7.078212207446138,False,
False,False,True,linear,8,32,64,6,0.2,TimeBatchNorm2d,32,1000,False,ReLU,AdamW,0.0005,0,352.17643130466473,351.6101518898376,391.2180351936694,365.00153946272394,18.539303374217816,False,
False,False,True,linear,8,32,64,6,0.2,TimeBatchNorm2d,32,1000,False,ReLU,AdamW,0.0005,0.001,341.35932228758844,319.1137736880466,398.9868841107872,353.15332669547405,33.657612780575576,False,
False,False,True,linear,8,32,64,6,0.2,TimeBatchNorm2d,32,1000,False,ReLU,AdamW,0.0005,0.0001,350.6714499167014,311.6074539254477,387.8723455070804,350.0504164497432,31.138108312429203,False,
False,False,True,linear,8,32,64,6,0.2,TimeBatchNorm2d,32,1000,False,ReLU,AdamW,0.001,0,452.8212999791754,290.8591469700125,407.85816287484386,383.84620327467724,68.26597690758749,False,
False,False,True,linear,8,32,64,6,0.2,TimeBatchNorm2d,32,1000,False,ReLU,AdamW,0.001,0.001,541.8275873334028,305.5585280872553,453.8136552478135,433.7332568894905,97.49592773696274,False,
False,False,True,linear,8,32,64,6,0.2,TimeBatchNorm2d,32,1000,False,ReLU,AdamW,0.001,0.0001,437.70288890045816,302.0149004321116,413.8387406289047,384.5188433204915,59.146991116925314,False,
False,False,True,linear,8,32,64,6,0.2,TimeBatchNorm2d,32,1000,False,ReLU,AdamW,0.005,0,357.5802353186173,290.81964129529365,316.0514276603499,321.48376809142025,27.524255612169206,False,
False,False,True,linear,8,32,64,6,0.2,TimeBatchNorm2d,32,1000,False,ReLU,AdamW,0.005,0.001,257.3277170970429,313.7533061745106,435.26379203977507,335.4482717704429,74.2442605667846,False,
False,False,True,linear,8,32,64,6,0.2,TimeBatchNorm2d,32,1000,False,ReLU,AdamW,0.005,0.0001,289.1371164358601,363.3855323302791,275.18671855476885,309.236455773636,38.71042296516606,False,
False,False,True,linear,8,64,32,4,0.2,TimeBatchNorm2d,32,500,False,ReLU,AdamW,0.0005,0,332.7105599229488,391.9314577259475,349.6865032798833,358.10950697625987,24.899650969443783,False,
False,False,True,linear,8,64,32,4,0.2,TimeBatchNorm2d,32,500,False,ReLU,AdamW,0.0005,0.001,335.43243310079134,381.1681246095377,349.95573992607245,355.5187658788005,19.081383820517278,False,
False,False,True,linear,8,64,32,4,0.2,TimeBatchNorm2d,32,500,False,ReLU,AdamW,0.0005,0.0001,333.765088895252,381.96513444918793,356.95261089129525,357.5609447452451,19.68228730625196,False,
False,False,True,linear,8,64,32,4,0.2,TimeBatchNorm2d,32,500,False,ReLU,AdamW,0.001,0,281.56524521032907,439.15760958975426,280.77543367346937,333.83276282451754,74.47661136292558,False,
False,False,True,linear,8,64,32,4,0.2,TimeBatchNorm2d,32,500,False,ReLU,AdamW,0.001,0.001,279.518335849646,473.0508922063724,287.9189132132445,346.82938042308757,89.31795247934528,False,
False,False,True,linear,8,64,32,4,0.2,TimeBatchNorm2d,32,500,False,ReLU,AdamW,0.001,0.0001,268.8361182840484,451.97080994897954,292.7206473865056,337.8425252065112,81.28782900412165,False,
False,False,True,linear,8,64,32,4,0.2,TimeBatchNorm2d,32,500,False,ReLU,AdamW,0.005,0,245.50235331632658,589.4473154414827,308.4789689192004,381.1428792256699,149.52049388760227,False,
False,False,True,linear,8,64,32,4,0.2,TimeBatchNorm2d,32,500,False,ReLU,AdamW,0.005,0.001,318.0214443200751,658.2247317523949,347.30576921074555,441.18398176107183,153.93593535119857,False,
False,False,True,linear,8,64,32,4,0.2,TimeBatchNorm2d,32,500,False,ReLU,AdamW,0.005,0.0001,259.0423419929196,662.3716113077884,280.28795449812577,400.5673025996113,185.3266774397851,False,
False,False,True,linear,8,64,32,4,0.2,TimeBatchNorm2d,32,1000,False,ReLU,AdamW,0.0005,0,405.1978542794669,422.6650054664723,397.93673130987094,408.59986368527007,10.377929680782167,False,
False,False,True,linear,8,64,32,4,0.2,TimeBatchNorm2d,32,1000,False,ReLU,AdamW,0.0005,0.001,379.19573836422325,417.38080057788426,399.77075020824657,398.7824297167847,15.604643050722075,False,
False,False,True,linear,8,64,32,4,0.2,TimeBatchNorm2d,32,1000,False,ReLU,AdamW,0.0005,0.0001,379.76574200853804,410.2482675187422,365.3486873958767,385.1208989743856,18.717217624405855,False,
False,False,True,linear,8,64,32,4,0.2,TimeBatchNorm2d,32,1000,False,ReLU,AdamW,0.001,0,304.8953857767597,626.7478257757184,407.27166844543945,446.3049599993058,134.26329026820815,False,
False,False,True,linear,8,64,32,4,0.2,TimeBatchNorm2d,32,1000,False,ReLU,AdamW,0.001,0.001,281.69910219700125,691.3171928363182,433.0982499479384,468.704848327086,169.1106490454309,False,
False,False,True,linear,8,64,32,4,0.2,TimeBatchNorm2d,32,1000,False,ReLU,AdamW,0.001,0.0001,271.88121746147436,688.1730502915452,439.8548456372345,466.6363711300847,171.00226139059887,False,
False,False,True,linear,8,64,32,4,0.2,TimeBatchNorm2d,32,1000,False,ReLU,AdamW,0.005,0,347.51673625572687,586.875768559975,449.67531393169514,461.3559395824657,98.06635287090607,False,
False,False,True,linear,8,64,32,4,0.2,TimeBatchNorm2d,32,1000,False,ReLU,AdamW,0.005,0.001,461.96580617451065,779.3320540920449,483.8721134423157,575.056657902957,144.72111039440531,False,
False,False,True,linear,8,64,32,4,0.2,TimeBatchNorm2d,32,1000,False,ReLU,AdamW,0.005,0.0001,420.6889613702624,634.3703270772594,401.5768070595585,485.5453651690268,105.52399593090729,False,
False,False,True,linear,8,64,32,6,0.2,TimeBatchNorm2d,32,500,False,ReLU,AdamW,0.0005,0,369.868843971262,422.1182020512287,395.1833050031237,395.72345034187146,21.33413028744277,False,
False,False,True,linear,8,64,32,6,0.2,TimeBatchNorm2d,32,500,False,ReLU,AdamW,0.0005,0.001,377.27432189712624,429.9913666180758,394.6357297740525,400.63380609641825,21.935578264611458,False,
False,False,True,linear,8,64,32,6,0.2,TimeBatchNorm2d,32,500,False,ReLU,AdamW,0.0005,0.0001,387.7954511141191,432.5659058725531,393.884772490629,404.7487098257671,19.82619909170022,False,
False,False,True,linear,8,64,32,6,0.2,TimeBatchNorm2d,32,500,False,ReLU,AdamW,0.001,0,475.5759909933361,344.15003110683057,303.2169126145356,374.31431157156743,73.52698296935556,False,
False,False,True,linear,8,64,32,6,0.2,TimeBatchNorm2d,32,500,False,ReLU,AdamW,0.001,0.001,432.7045330070804,330.3175339702207,292.38210420137443,351.80139039289185,59.26642147442099,False,
False,False,True,linear,8,64,32,6,0.2,TimeBatchNorm2d,32,500,False,ReLU,AdamW,0.001,0.0001,467.10642388588093,324.15243036755516,289.1793897074136,360.1460813202832,76.96823827426691,False,
False,False,True,linear,8,64,32,6,0.2,TimeBatchNorm2d,32,500,False,ReLU,AdamW,0.005,0,291.12041844543944,341.8565613286131,306.6661086526447,313.21436280889907,21.224180754297375,False,
False,False,True,linear,8,64,32,6,0.2,TimeBatchNorm2d,32,500,False,ReLU,AdamW,0.005,0.001,290.33351272907123,416.6059714702208,269.7944487973761,325.5779776655561,64.91037425493776,False,
False,False,True,linear,8,64,32,6,0.2,TimeBatchNorm2d,32,500,False,ReLU,AdamW,0.005,0.0001,292.88798820803834,467.01113598500615,338.1997400822574,366.03295475843396,73.7596706759981,False,
False,False,True,linear,8,64,32,6,0.2,TimeBatchNorm2d,32,1000,False,ReLU,AdamW,0.0005,0,375.57316027176176,398.33386726884635,297.70065545605996,357.2025609988894,43.088049527857315,False,
False,False,True,linear,8,64,32,6,0.2,TimeBatchNorm2d,32,1000,False,ReLU,AdamW,0.0005,0.001,443.4941230216577,428.57132132444815,292.0964432788422,388.0539625416493,68.12516240923792,False,
False,False,True,linear,8,64,32,6,0.2,TimeBatchNorm2d,32,1000,False,ReLU,AdamW,0.0005,0.0001,380.1909045710121,448.97405690337365,304.7044884943774,377.95648332292103,58.91899281196713,False,
False,False,True,linear,8,64,32,6,0.2,TimeBatchNorm2d,32,1000,False,ReLU,AdamW,0.001,0,303.7638464441899,557.3178961890878,368.4737299562683,409.85182419651534,107.56865729299163,False,
False,False,True,linear,8,64,32,6,0.2,TimeBatchNorm2d,32,1000,False,ReLU,AdamW,0.001,0.001,312.95884904727205,620.2021740941274,349.6360602353187,427.5990277922394,137.01163801948357,False,
False,False,True,linear,8,64,32,6,0.2,TimeBatchNorm2d,32,1000,False,ReLU,AdamW,0.001,0.0001,277.467674016035,523.4582869117035,360.03041415035403,386.9854583593642,102.21798998359313,False,
False,False,True,linear,8,64,32,6,0.2,TimeBatchNorm2d,32,1000,False,ReLU,AdamW,0.005,0,425.9597589546023,609.0405409204498,496.88032122032484,510.6268736984589,75.37182922056982,False,
False,False,True,linear,8,64,32,6,0.2,TimeBatchNorm2d,32,1000,False,ReLU,AdamW,0.005,0.001,317.22659139421074,535.4654060807997,396.35498477197007,416.3489940823268,90.2103666074611,False,
False,False,True,linear,8,64,32,6,0.2,TimeBatchNorm2d,32,1000,False,ReLU,AdamW,0.005,0.0001,421.29486984589755,472.4739626718034,670.1622754841734,521.3103693339581,107.30794428197459,False,
False,False,True,linear,8,64,64,4,0.2,TimeBatchNorm2d,32,500,False,ReLU,AdamW,0.0005,0,504.11880036963765,361.40885919929195,376.16613702623914,413.8979321983896,64.07962808046314,False,
False,False,True,linear,8,64,64,4,0.2,TimeBatchNorm2d,32,500,False,ReLU,AdamW,0.0005,0.001,505.8325607819659,359.32938866618076,368.7869188619326,411.3162894366931,66.9445311737552,False,
False,False,True,linear,8,64,64,4,0.2,TimeBatchNorm2d,32,500,False,ReLU,AdamW,0.0005,0.0001,496.1690121303623,352.7119114431487,373.50863468346523,407.4631860856587,63.29649071414353,False,
False,False,True,linear,8,64,64,4,0.2,TimeBatchNorm2d,32,500,False,ReLU,AdamW,0.001,0,533.7915194189922,337.18930354539776,293.240313801541,388.07371225531034,104.5885204609645,False,
False,False,True,linear,8,64,64,4,0.2,TimeBatchNorm2d,32,500,False,ReLU,AdamW,0.001,0.001,500.16707166284897,358.6492972980008,315.71447704081635,391.5102820005554,78.80597757537652,False,
False,False,True,linear,8,64,64,4,0.2,TimeBatchNorm2d,32,500,False,ReLU,AdamW,0.001,0.0001,487.53532837880044,316.34591758642233,332.16316222407335,378.681469396432,77.24169111085384,False,
False,False,True,linear,8,64,64,4,0.2,TimeBatchNorm2d,32,500,False,ReLU,AdamW,0.005,0,379.69868726572264,309.22082465639323,323.42053805705956,337.4466833263918,30.433882903020955,False,
False,False,True,linear,8,64,64,4,0.2,TimeBatchNorm2d,32,500,False,ReLU,AdamW,0.005,0.001,315.09348617763436,292.8116163837984,276.39841992919617,294.76784083020965,15.85764060963059,False,
False,False,True,linear,8,64,64,4,0.2,TimeBatchNorm2d,32,500,False,ReLU,AdamW,0.005,0.0001,389.7188819762599,295.3861503019575,298.00770512286545,327.704245800361,43.864028257343875,False,
False,False,True,linear,8,64,64,4,0.2,TimeBatchNorm2d,32,1000,False,ReLU,AdamW,0.0005,0,383.85632340691376,343.7508769783423,352.95231778425654,360.1865060565042,17.153460647490306,False,
False,False,True,linear,8,64,64,4,0.2,TimeBatchNorm2d,32,1000,False,ReLU,AdamW,0.0005,0.001,341.03607312057477,310.3544109225322,302.81687669200335,318.0691202450368,16.529051169773492,False,
False,False,True,linear,8,64,64,4,0.2,TimeBatchNorm2d,32,1000,False,ReLU,AdamW,0.0005,0.0001,376.23108587567685,326.56920970428985,368.63974307580173,357.1466795519228,21.842517682850897,False,
False,False,True,linear,8,64,64,4,0.2,TimeBatchNorm2d,32,1000,False,ReLU,AdamW,0.001,0,589.8248085433153,356.9885287380258,504.44732051749276,483.7535525996113,96.17469286449915,False,
False,False,True,linear,8,64,64,4,0.2,TimeBatchNorm2d,32,1000,False,ReLU,AdamW,0.001,0.001,421.77102613494384,378.8007702519784,468.2358858288214,422.93589407191456,36.52102282744147,False,
False,False,True,linear,8,64,64,4,0.2,TimeBatchNorm2d,32,1000,False,ReLU,AdamW,0.001,0.0001,495.59592760828815,446.8929354956269,333.8128199187839,425.4338943408996,67.76828815347507,False,
False,False,True,linear,8,64,64,4,0.2,TimeBatchNorm2d,32,1000,False,ReLU,AdamW,0.005,0,329.833010724698,414.32805458663057,325.59654649104544,356.58587060079134,40.866504343546325,False,
False,False,True,linear,8,64,64,4,0.2,TimeBatchNorm2d,32,1000,False,ReLU,AdamW,0.005,0.001,344.88483223136194,342.81346951790914,371.46246602977925,353.0535892596834,13.044480156375222,False,
False,False,True,linear,8,64,64,4,0.2,TimeBatchNorm2d,32,1000,False,ReLU,AdamW,0.005,0.0001,355.87860279571015,275.12464441899215,361.3400334496043,330.78109355476886,39.41816040016157,False,
False,False,True,linear,8,64,64,6,0.2,TimeBatchNorm2d,32,500,False,ReLU,AdamW,0.0005,0,409.15640254060816,331.7844351311954,307.3155553675552,349.4187976797862,43.4059719017452,False,
False,False,True,linear,8,64,64,6,0.2,TimeBatchNorm2d,32,500,False,ReLU,AdamW,0.0005,0.001,407.5976008694294,329.3865485735111,306.17915803311126,347.7211024920173,43.386188565631805,False,
False,False,True,linear,8,64,64,6,0.2,TimeBatchNorm2d,32,500,False,ReLU,AdamW,0.0005,0.0001,403.6430708558933,349.61550590899634,307.7635375885048,353.67403811779815,39.24771745091662,False,
False,False,True,linear,8,64,64,6,0.2,TimeBatchNorm2d,32,500,False,ReLU,AdamW,0.001,0,364.58745015097884,374.65926593086215,281.21241787276136,340.1530446515341,41.87965681236268,False,
False,False,True,linear,8,64,64,6,0.2,TimeBatchNorm2d,32,500,False,ReLU,AdamW,0.001,0.001,394.8393231986673,324.07248789566853,279.12358353290296,332.6784648757462,47.63108390840976,False,
False,False,True,linear,8,64,64,6,0.2,TimeBatchNorm2d,32,500,False,ReLU,AdamW,0.001,0.0001,356.88465899625163,317.0187507809247,296.2094477561433,323.3709525111065,25.174499860952377,False,
False,False,True,linear,8,64,64,6,0.2,TimeBatchNorm2d,32,500,False,ReLU,AdamW,0.005,0,318.5454663421491,347.84887963348604,298.40052634319034,321.5982907729418,20.30229401708763,False,
False,False,True,linear,8,64,64,6,0.2,TimeBatchNorm2d,32,500,False,ReLU,AdamW,0.005,0.001,323.9811204966681,477.47969582986264,398.1310057007496,399.86394067576003,62.67751034754976,False,
False,False,True,linear,8,64,64,6,0.2,TimeBatchNorm2d,32,500,False,ReLU,AdamW,0.005,0.0001,333.39111659204497,481.5387593710953,388.6654263848397,401.1984341159933,61.126852949905974,False,
False,False,True,linear,8,64,64,6,0.2,TimeBatchNorm2d,32,1000,False,ReLU,AdamW,0.0005,0,480.29010021865895,702.2212807163681,406.34267609850065,529.6180190111759,125.72713800649126,False,
False,False,True,linear,8,64,64,6,0.2,TimeBatchNorm2d,32,1000,False,ReLU,AdamW,0.0005,0.001,480.68995392544775,717.2247541389005,455.0940544304457,551.0029208315981,118.0001720867956,False,
False,False,True,linear,8,64,64,6,0.2,TimeBatchNorm2d,32,1000,False,ReLU,AdamW,0.0005,0.0001,449.4262498698459,702.1282632236569,450.74313775510205,534.0992169495349,118.81569436812305,False,
False,False,True,linear,8,64,64,6,0.2,TimeBatchNorm2d,32,1000,False,ReLU,AdamW,0.001,0,473.93561823198667,795.9568010724697,515.7316143013328,595.2080112019297,142.97268689676795,False,
False,False,True,linear,8,64,64,6,0.2,TimeBatchNorm2d,32,1000,False,ReLU,AdamW,0.001,0.001,556.0352652540608,821.1697081945024,533.4973025562265,636.9007586682632,130.62229074771273,False,
False,False,True,linear,8,64,64,6,0.2,TimeBatchNorm2d,32,1000,False,ReLU,AdamW,0.001,0.0001,546.9493604227406,821.7460176749271,546.7507271709704,638.4820350895461,129.5872302057146,False,
False,False,True,linear,8,64,64,6,0.2,TimeBatchNorm2d,32,1000,False,ReLU,AdamW,0.005,0,454.13734264369015,407.3886985891295,372.30380961057887,411.2766169477995,33.52132370142018,False,
False,False,True,linear,8,64,64,6,0.2,TimeBatchNorm2d,32,1000,False,ReLU,AdamW,0.005,0.001,444.8016167742607,348.1486729487713,476.64593763015415,423.19874245106206,54.63759323589864,False,
False,False,True,linear,8,64,64,6,0.2,TimeBatchNorm2d,32,1000,False,ReLU,AdamW,0.005,0.0001,428.91147425551856,357.9172365680966,366.93259553311117,384.58710211890883,31.55742541563997,False,
