"location","age_group","forecast_date","target_end_date","horizon","type","quantile","value"
"DE","00+",2025-10-23,2025-10-19,0,"mean",NA,10159
"DE","00+",2025-10-23,2025-10-19,0,"quantile",0.025,9116
"DE","00+",2025-10-23,2025-10-19,0,"quantile",0.05,9240
"DE","00+",2025-10-23,2025-10-19,0,"quantile",0.075,9327
"DE","00+",2025-10-23,2025-10-19,0,"quantile",0.1,9398
"DE","00+",2025-10-23,2025-10-19,0,"quantile",0.125,9459
"DE","00+",2025-10-23,2025-10-19,0,"quantile",0.15,9513
"DE","00+",2025-10-23,2025-10-19,0,"quantile",0.175,9564
"DE","00+",2025-10-23,2025-10-19,0,"quantile",0.2,9611
"DE","00+",2025-10-23,2025-10-19,0,"quantile",0.225,9655
"DE","00+",2025-10-23,2025-10-19,0,"quantile",0.25,9698
"DE","00+",2025-10-23,2025-10-19,0,"quantile",0.275,9739
"DE","00+",2025-10-23,2025-10-19,0,"quantile",0.3,9780
"DE","00+",2025-10-23,2025-10-19,0,"quantile",0.325,9819
"DE","00+",2025-10-23,2025-10-19,0,"quantile",0.35,9858
"DE","00+",2025-10-23,2025-10-19,0,"quantile",0.375,9896
"DE","00+",2025-10-23,2025-10-19,0,"quantile",0.4,9935
"DE","00+",2025-10-23,2025-10-19,0,"quantile",0.425,9973
"DE","00+",2025-10-23,2025-10-19,0,"quantile",0.45,10011
"DE","00+",2025-10-23,2025-10-19,0,"quantile",0.475,10050
"DE","00+",2025-10-23,2025-10-19,0,"quantile",0.5,10089
"DE","00+",2025-10-23,2025-10-19,0,"quantile",0.525,10128
"DE","00+",2025-10-23,2025-10-19,0,"quantile",0.55,10168
"DE","00+",2025-10-23,2025-10-19,0,"quantile",0.575,10209
"DE","00+",2025-10-23,2025-10-19,0,"quantile",0.6,10252
"DE","00+",2025-10-23,2025-10-19,0,"quantile",0.625,10295
"DE","00+",2025-10-23,2025-10-19,0,"quantile",0.65,10340
"DE","00+",2025-10-23,2025-10-19,0,"quantile",0.675,10387
"DE","00+",2025-10-23,2025-10-19,0,"quantile",0.7,10436
"DE","00+",2025-10-23,2025-10-19,0,"quantile",0.725,10488
"DE","00+",2025-10-23,2025-10-19,0,"quantile",0.75,10543
"DE","00+",2025-10-23,2025-10-19,0,"quantile",0.775,10602
"DE","00+",2025-10-23,2025-10-19,0,"quantile",0.8,10666
"DE","00+",2025-10-23,2025-10-19,0,"quantile",0.825,10736
"DE","00+",2025-10-23,2025-10-19,0,"quantile",0.85,10815
"DE","00+",2025-10-23,2025-10-19,0,"quantile",0.875,10904
"DE","00+",2025-10-23,2025-10-19,0,"quantile",0.9,11010
"DE","00+",2025-10-23,2025-10-19,0,"quantile",0.925,11140
"DE","00+",2025-10-23,2025-10-19,0,"quantile",0.95,11316
"DE","00+",2025-10-23,2025-10-19,0,"quantile",0.975,11598
"DE","00+",2025-10-23,2025-10-12,-1,"mean",NA,9296
"DE","00+",2025-10-23,2025-10-12,-1,"quantile",0.025,8812
"DE","00+",2025-10-23,2025-10-12,-1,"quantile",0.05,8815
"DE","00+",2025-10-23,2025-10-12,-1,"quantile",0.075,8818
"DE","00+",2025-10-23,2025-10-12,-1,"quantile",0.1,8822
"DE","00+",2025-10-23,2025-10-12,-1,"quantile",0.125,8827
"DE","00+",2025-10-23,2025-10-12,-1,"quantile",0.15,8834
"DE","00+",2025-10-23,2025-10-12,-1,"quantile",0.175,8841
"DE","00+",2025-10-23,2025-10-12,-1,"quantile",0.2,8850
"DE","00+",2025-10-23,2025-10-12,-1,"quantile",0.225,8859
"DE","00+",2025-10-23,2025-10-12,-1,"quantile",0.25,8870
"DE","00+",2025-10-23,2025-10-12,-1,"quantile",0.275,8882
"DE","00+",2025-10-23,2025-10-12,-1,"quantile",0.3,8894
"DE","00+",2025-10-23,2025-10-12,-1,"quantile",0.325,8909
"DE","00+",2025-10-23,2025-10-12,-1,"quantile",0.35,8924
"DE","00+",2025-10-23,2025-10-12,-1,"quantile",0.375,8941
"DE","00+",2025-10-23,2025-10-12,-1,"quantile",0.4,8959
"DE","00+",2025-10-23,2025-10-12,-1,"quantile",0.425,8979
"DE","00+",2025-10-23,2025-10-12,-1,"quantile",0.45,9000
"DE","00+",2025-10-23,2025-10-12,-1,"quantile",0.475,9023
"DE","00+",2025-10-23,2025-10-12,-1,"quantile",0.5,9048
"DE","00+",2025-10-23,2025-10-12,-1,"quantile",0.525,9075
"DE","00+",2025-10-23,2025-10-12,-1,"quantile",0.55,9104
"DE","00+",2025-10-23,2025-10-12,-1,"quantile",0.575,9136
"DE","00+",2025-10-23,2025-10-12,-1,"quantile",0.6,9170
"DE","00+",2025-10-23,2025-10-12,-1,"quantile",0.625,9208
"DE","00+",2025-10-23,2025-10-12,-1,"quantile",0.65,9249
"DE","00+",2025-10-23,2025-10-12,-1,"quantile",0.675,9294
"DE","00+",2025-10-23,2025-10-12,-1,"quantile",0.7,9344
"DE","00+",2025-10-23,2025-10-12,-1,"quantile",0.725,9399
"DE","00+",2025-10-23,2025-10-12,-1,"quantile",0.75,9461
"DE","00+",2025-10-23,2025-10-12,-1,"quantile",0.775,9530
"DE","00+",2025-10-23,2025-10-12,-1,"quantile",0.8,9610
"DE","00+",2025-10-23,2025-10-12,-1,"quantile",0.825,9701
"DE","00+",2025-10-23,2025-10-12,-1,"quantile",0.85,9809
"DE","00+",2025-10-23,2025-10-12,-1,"quantile",0.875,9939
"DE","00+",2025-10-23,2025-10-12,-1,"quantile",0.9,10100
"DE","00+",2025-10-23,2025-10-12,-1,"quantile",0.925,10313
"DE","00+",2025-10-23,2025-10-12,-1,"quantile",0.95,10620
"DE","00+",2025-10-23,2025-10-12,-1,"quantile",0.975,11158
"DE","00+",2025-10-23,2025-10-05,-2,"mean",NA,8102
"DE","00+",2025-10-23,2025-10-05,-2,"quantile",0.025,7981
"DE","00+",2025-10-23,2025-10-05,-2,"quantile",0.05,7981
"DE","00+",2025-10-23,2025-10-05,-2,"quantile",0.075,7981
"DE","00+",2025-10-23,2025-10-05,-2,"quantile",0.1,7981
"DE","00+",2025-10-23,2025-10-05,-2,"quantile",0.125,7981
"DE","00+",2025-10-23,2025-10-05,-2,"quantile",0.15,7981
"DE","00+",2025-10-23,2025-10-05,-2,"quantile",0.175,7981
"DE","00+",2025-10-23,2025-10-05,-2,"quantile",0.2,7981
"DE","00+",2025-10-23,2025-10-05,-2,"quantile",0.225,7982
"DE","00+",2025-10-23,2025-10-05,-2,"quantile",0.25,7982
"DE","00+",2025-10-23,2025-10-05,-2,"quantile",0.275,7983
"DE","00+",2025-10-23,2025-10-05,-2,"quantile",0.3,7983
"DE","00+",2025-10-23,2025-10-05,-2,"quantile",0.325,7984
"DE","00+",2025-10-23,2025-10-05,-2,"quantile",0.35,7985
"DE","00+",2025-10-23,2025-10-05,-2,"quantile",0.375,7987
"DE","00+",2025-10-23,2025-10-05,-2,"quantile",0.4,7989
"DE","00+",2025-10-23,2025-10-05,-2,"quantile",0.425,7991
"DE","00+",2025-10-23,2025-10-05,-2,"quantile",0.45,7994
"DE","00+",2025-10-23,2025-10-05,-2,"quantile",0.475,7997
"DE","00+",2025-10-23,2025-10-05,-2,"quantile",0.5,8001
"DE","00+",2025-10-23,2025-10-05,-2,"quantile",0.525,8006
"DE","00+",2025-10-23,2025-10-05,-2,"quantile",0.55,8011
"DE","00+",2025-10-23,2025-10-05,-2,"quantile",0.575,8017
"DE","00+",2025-10-23,2025-10-05,-2,"quantile",0.6,8025
"DE","00+",2025-10-23,2025-10-05,-2,"quantile",0.625,8034
"DE","00+",2025-10-23,2025-10-05,-2,"quantile",0.65,8044
"DE","00+",2025-10-23,2025-10-05,-2,"quantile",0.675,8056
"DE","00+",2025-10-23,2025-10-05,-2,"quantile",0.7,8070
"DE","00+",2025-10-23,2025-10-05,-2,"quantile",0.725,8086
"DE","00+",2025-10-23,2025-10-05,-2,"quantile",0.75,8105
"DE","00+",2025-10-23,2025-10-05,-2,"quantile",0.775,8128
"DE","00+",2025-10-23,2025-10-05,-2,"quantile",0.8,8155
"DE","00+",2025-10-23,2025-10-05,-2,"quantile",0.825,8188
"DE","00+",2025-10-23,2025-10-05,-2,"quantile",0.85,8228
"DE","00+",2025-10-23,2025-10-05,-2,"quantile",0.875,8279
"DE","00+",2025-10-23,2025-10-05,-2,"quantile",0.9,8345
"DE","00+",2025-10-23,2025-10-05,-2,"quantile",0.925,8435
"DE","00+",2025-10-23,2025-10-05,-2,"quantile",0.95,8571
"DE","00+",2025-10-23,2025-10-05,-2,"quantile",0.975,8821
"DE","00+",2025-10-23,2025-09-28,-3,"mean",NA,7333
"DE","00+",2025-10-23,2025-09-28,-3,"quantile",0.025,7316
"DE","00+",2025-10-23,2025-09-28,-3,"quantile",0.05,7316
"DE","00+",2025-10-23,2025-09-28,-3,"quantile",0.075,7316
"DE","00+",2025-10-23,2025-09-28,-3,"quantile",0.1,7316
"DE","00+",2025-10-23,2025-09-28,-3,"quantile",0.125,7316
"DE","00+",2025-10-23,2025-09-28,-3,"quantile",0.15,7316
"DE","00+",2025-10-23,2025-09-28,-3,"quantile",0.175,7316
"DE","00+",2025-10-23,2025-09-28,-3,"quantile",0.2,7316
"DE","00+",2025-10-23,2025-09-28,-3,"quantile",0.225,7316
"DE","00+",2025-10-23,2025-09-28,-3,"quantile",0.25,7316
"DE","00+",2025-10-23,2025-09-28,-3,"quantile",0.275,7316
"DE","00+",2025-10-23,2025-09-28,-3,"quantile",0.3,7316
"DE","00+",2025-10-23,2025-09-28,-3,"quantile",0.325,7316
"DE","00+",2025-10-23,2025-09-28,-3,"quantile",0.35,7316
"DE","00+",2025-10-23,2025-09-28,-3,"quantile",0.375,7316
"DE","00+",2025-10-23,2025-09-28,-3,"quantile",0.4,7316
"DE","00+",2025-10-23,2025-09-28,-3,"quantile",0.425,7316
"DE","00+",2025-10-23,2025-09-28,-3,"quantile",0.45,7316
"DE","00+",2025-10-23,2025-09-28,-3,"quantile",0.475,7316
"DE","00+",2025-10-23,2025-09-28,-3,"quantile",0.5,7316
"DE","00+",2025-10-23,2025-09-28,-3,"quantile",0.525,7316
"DE","00+",2025-10-23,2025-09-28,-3,"quantile",0.55,7316
"DE","00+",2025-10-23,2025-09-28,-3,"quantile",0.575,7316
"DE","00+",2025-10-23,2025-09-28,-3,"quantile",0.6,7317
"DE","00+",2025-10-23,2025-09-28,-3,"quantile",0.625,7317
"DE","00+",2025-10-23,2025-09-28,-3,"quantile",0.65,7317
"DE","00+",2025-10-23,2025-09-28,-3,"quantile",0.675,7318
"DE","00+",2025-10-23,2025-09-28,-3,"quantile",0.7,7319
"DE","00+",2025-10-23,2025-09-28,-3,"quantile",0.725,7320
"DE","00+",2025-10-23,2025-09-28,-3,"quantile",0.75,7322
"DE","00+",2025-10-23,2025-09-28,-3,"quantile",0.775,7324
"DE","00+",2025-10-23,2025-09-28,-3,"quantile",0.8,7328
"DE","00+",2025-10-23,2025-09-28,-3,"quantile",0.825,7332
"DE","00+",2025-10-23,2025-09-28,-3,"quantile",0.85,7339
"DE","00+",2025-10-23,2025-09-28,-3,"quantile",0.875,7348
"DE","00+",2025-10-23,2025-09-28,-3,"quantile",0.9,7361
"DE","00+",2025-10-23,2025-09-28,-3,"quantile",0.925,7381
"DE","00+",2025-10-23,2025-09-28,-3,"quantile",0.95,7415
"DE","00+",2025-10-23,2025-09-28,-3,"quantile",0.975,7482
"DE","00-04",2025-10-23,2025-10-19,0,"mean",NA,815
"DE","00-04",2025-10-23,2025-10-19,0,"quantile",0.025,729
"DE","00-04",2025-10-23,2025-10-19,0,"quantile",0.05,739
"DE","00-04",2025-10-23,2025-10-19,0,"quantile",0.075,746
"DE","00-04",2025-10-23,2025-10-19,0,"quantile",0.1,752
"DE","00-04",2025-10-23,2025-10-19,0,"quantile",0.125,757
"DE","00-04",2025-10-23,2025-10-19,0,"quantile",0.15,762
"DE","00-04",2025-10-23,2025-10-19,0,"quantile",0.175,766
"DE","00-04",2025-10-23,2025-10-19,0,"quantile",0.2,770
"DE","00-04",2025-10-23,2025-10-19,0,"quantile",0.225,773
"DE","00-04",2025-10-23,2025-10-19,0,"quantile",0.25,777
"DE","00-04",2025-10-23,2025-10-19,0,"quantile",0.275,780
"DE","00-04",2025-10-23,2025-10-19,0,"quantile",0.3,783
"DE","00-04",2025-10-23,2025-10-19,0,"quantile",0.325,787
"DE","00-04",2025-10-23,2025-10-19,0,"quantile",0.35,790
"DE","00-04",2025-10-23,2025-10-19,0,"quantile",0.375,793
"DE","00-04",2025-10-23,2025-10-19,0,"quantile",0.4,796
"DE","00-04",2025-10-23,2025-10-19,0,"quantile",0.425,799
"DE","00-04",2025-10-23,2025-10-19,0,"quantile",0.45,803
"DE","00-04",2025-10-23,2025-10-19,0,"quantile",0.475,806
"DE","00-04",2025-10-23,2025-10-19,0,"quantile",0.5,809
"DE","00-04",2025-10-23,2025-10-19,0,"quantile",0.525,812
"DE","00-04",2025-10-23,2025-10-19,0,"quantile",0.55,815
"DE","00-04",2025-10-23,2025-10-19,0,"quantile",0.575,819
"DE","00-04",2025-10-23,2025-10-19,0,"quantile",0.6,822
"DE","00-04",2025-10-23,2025-10-19,0,"quantile",0.625,826
"DE","00-04",2025-10-23,2025-10-19,0,"quantile",0.65,830
"DE","00-04",2025-10-23,2025-10-19,0,"quantile",0.675,833
"DE","00-04",2025-10-23,2025-10-19,0,"quantile",0.7,838
"DE","00-04",2025-10-23,2025-10-19,0,"quantile",0.725,842
"DE","00-04",2025-10-23,2025-10-19,0,"quantile",0.75,846
"DE","00-04",2025-10-23,2025-10-19,0,"quantile",0.775,851
"DE","00-04",2025-10-23,2025-10-19,0,"quantile",0.8,856
"DE","00-04",2025-10-23,2025-10-19,0,"quantile",0.825,862
"DE","00-04",2025-10-23,2025-10-19,0,"quantile",0.85,869
"DE","00-04",2025-10-23,2025-10-19,0,"quantile",0.875,876
"DE","00-04",2025-10-23,2025-10-19,0,"quantile",0.9,885
"DE","00-04",2025-10-23,2025-10-19,0,"quantile",0.925,895
"DE","00-04",2025-10-23,2025-10-19,0,"quantile",0.95,910
"DE","00-04",2025-10-23,2025-10-19,0,"quantile",0.975,933
"DE","00-04",2025-10-23,2025-10-12,-1,"mean",NA,951
"DE","00-04",2025-10-23,2025-10-12,-1,"quantile",0.025,901
"DE","00-04",2025-10-23,2025-10-12,-1,"quantile",0.05,901
"DE","00-04",2025-10-23,2025-10-12,-1,"quantile",0.075,901
"DE","00-04",2025-10-23,2025-10-12,-1,"quantile",0.1,902
"DE","00-04",2025-10-23,2025-10-12,-1,"quantile",0.125,902
"DE","00-04",2025-10-23,2025-10-12,-1,"quantile",0.15,903
"DE","00-04",2025-10-23,2025-10-12,-1,"quantile",0.175,904
"DE","00-04",2025-10-23,2025-10-12,-1,"quantile",0.2,905
"DE","00-04",2025-10-23,2025-10-12,-1,"quantile",0.225,906
"DE","00-04",2025-10-23,2025-10-12,-1,"quantile",0.25,907
"DE","00-04",2025-10-23,2025-10-12,-1,"quantile",0.275,908
"DE","00-04",2025-10-23,2025-10-12,-1,"quantile",0.3,909
"DE","00-04",2025-10-23,2025-10-12,-1,"quantile",0.325,911
"DE","00-04",2025-10-23,2025-10-12,-1,"quantile",0.35,912
"DE","00-04",2025-10-23,2025-10-12,-1,"quantile",0.375,914
"DE","00-04",2025-10-23,2025-10-12,-1,"quantile",0.4,916
"DE","00-04",2025-10-23,2025-10-12,-1,"quantile",0.425,918
"DE","00-04",2025-10-23,2025-10-12,-1,"quantile",0.45,920
"DE","00-04",2025-10-23,2025-10-12,-1,"quantile",0.475,922
"DE","00-04",2025-10-23,2025-10-12,-1,"quantile",0.5,925
"DE","00-04",2025-10-23,2025-10-12,-1,"quantile",0.525,928
"DE","00-04",2025-10-23,2025-10-12,-1,"quantile",0.55,931
"DE","00-04",2025-10-23,2025-10-12,-1,"quantile",0.575,934
"DE","00-04",2025-10-23,2025-10-12,-1,"quantile",0.6,938
"DE","00-04",2025-10-23,2025-10-12,-1,"quantile",0.625,941
"DE","00-04",2025-10-23,2025-10-12,-1,"quantile",0.65,946
"DE","00-04",2025-10-23,2025-10-12,-1,"quantile",0.675,950
"DE","00-04",2025-10-23,2025-10-12,-1,"quantile",0.7,955
"DE","00-04",2025-10-23,2025-10-12,-1,"quantile",0.725,961
"DE","00-04",2025-10-23,2025-10-12,-1,"quantile",0.75,967
"DE","00-04",2025-10-23,2025-10-12,-1,"quantile",0.775,975
"DE","00-04",2025-10-23,2025-10-12,-1,"quantile",0.8,983
"DE","00-04",2025-10-23,2025-10-12,-1,"quantile",0.825,992
"DE","00-04",2025-10-23,2025-10-12,-1,"quantile",0.85,1003
"DE","00-04",2025-10-23,2025-10-12,-1,"quantile",0.875,1017
"DE","00-04",2025-10-23,2025-10-12,-1,"quantile",0.9,1033
"DE","00-04",2025-10-23,2025-10-12,-1,"quantile",0.925,1055
"DE","00-04",2025-10-23,2025-10-12,-1,"quantile",0.95,1087
"DE","00-04",2025-10-23,2025-10-12,-1,"quantile",0.975,1142
"DE","00-04",2025-10-23,2025-10-05,-2,"mean",NA,970
"DE","00-04",2025-10-23,2025-10-05,-2,"quantile",0.025,956
"DE","00-04",2025-10-23,2025-10-05,-2,"quantile",0.05,956
"DE","00-04",2025-10-23,2025-10-05,-2,"quantile",0.075,956
"DE","00-04",2025-10-23,2025-10-05,-2,"quantile",0.1,956
"DE","00-04",2025-10-23,2025-10-05,-2,"quantile",0.125,956
"DE","00-04",2025-10-23,2025-10-05,-2,"quantile",0.15,956
"DE","00-04",2025-10-23,2025-10-05,-2,"quantile",0.175,956
"DE","00-04",2025-10-23,2025-10-05,-2,"quantile",0.2,956
"DE","00-04",2025-10-23,2025-10-05,-2,"quantile",0.225,956
"DE","00-04",2025-10-23,2025-10-05,-2,"quantile",0.25,956
"DE","00-04",2025-10-23,2025-10-05,-2,"quantile",0.275,956
"DE","00-04",2025-10-23,2025-10-05,-2,"quantile",0.3,956
"DE","00-04",2025-10-23,2025-10-05,-2,"quantile",0.325,956
"DE","00-04",2025-10-23,2025-10-05,-2,"quantile",0.35,956
"DE","00-04",2025-10-23,2025-10-05,-2,"quantile",0.375,957
"DE","00-04",2025-10-23,2025-10-05,-2,"quantile",0.4,957
"DE","00-04",2025-10-23,2025-10-05,-2,"quantile",0.425,957
"DE","00-04",2025-10-23,2025-10-05,-2,"quantile",0.45,957
"DE","00-04",2025-10-23,2025-10-05,-2,"quantile",0.475,958
"DE","00-04",2025-10-23,2025-10-05,-2,"quantile",0.5,958
"DE","00-04",2025-10-23,2025-10-05,-2,"quantile",0.525,959
"DE","00-04",2025-10-23,2025-10-05,-2,"quantile",0.55,960
"DE","00-04",2025-10-23,2025-10-05,-2,"quantile",0.575,960
"DE","00-04",2025-10-23,2025-10-05,-2,"quantile",0.6,961
"DE","00-04",2025-10-23,2025-10-05,-2,"quantile",0.625,962
"DE","00-04",2025-10-23,2025-10-05,-2,"quantile",0.65,963
"DE","00-04",2025-10-23,2025-10-05,-2,"quantile",0.675,965
"DE","00-04",2025-10-23,2025-10-05,-2,"quantile",0.7,967
"DE","00-04",2025-10-23,2025-10-05,-2,"quantile",0.725,969
"DE","00-04",2025-10-23,2025-10-05,-2,"quantile",0.75,971
"DE","00-04",2025-10-23,2025-10-05,-2,"quantile",0.775,974
"DE","00-04",2025-10-23,2025-10-05,-2,"quantile",0.8,977
"DE","00-04",2025-10-23,2025-10-05,-2,"quantile",0.825,981
"DE","00-04",2025-10-23,2025-10-05,-2,"quantile",0.85,986
"DE","00-04",2025-10-23,2025-10-05,-2,"quantile",0.875,992
"DE","00-04",2025-10-23,2025-10-05,-2,"quantile",0.9,1000
"DE","00-04",2025-10-23,2025-10-05,-2,"quantile",0.925,1011
"DE","00-04",2025-10-23,2025-10-05,-2,"quantile",0.95,1027
"DE","00-04",2025-10-23,2025-10-05,-2,"quantile",0.975,1057
"DE","00-04",2025-10-23,2025-09-28,-3,"mean",NA,828
"DE","00-04",2025-10-23,2025-09-28,-3,"quantile",0.025,826
"DE","00-04",2025-10-23,2025-09-28,-3,"quantile",0.05,826
"DE","00-04",2025-10-23,2025-09-28,-3,"quantile",0.075,826
"DE","00-04",2025-10-23,2025-09-28,-3,"quantile",0.1,826
"DE","00-04",2025-10-23,2025-09-28,-3,"quantile",0.125,826
"DE","00-04",2025-10-23,2025-09-28,-3,"quantile",0.15,826
"DE","00-04",2025-10-23,2025-09-28,-3,"quantile",0.175,826
"DE","00-04",2025-10-23,2025-09-28,-3,"quantile",0.2,826
"DE","00-04",2025-10-23,2025-09-28,-3,"quantile",0.225,826
"DE","00-04",2025-10-23,2025-09-28,-3,"quantile",0.25,826
"DE","00-04",2025-10-23,2025-09-28,-3,"quantile",0.275,826
"DE","00-04",2025-10-23,2025-09-28,-3,"quantile",0.3,826
"DE","00-04",2025-10-23,2025-09-28,-3,"quantile",0.325,826
"DE","00-04",2025-10-23,2025-09-28,-3,"quantile",0.35,826
"DE","00-04",2025-10-23,2025-09-28,-3,"quantile",0.375,826
"DE","00-04",2025-10-23,2025-09-28,-3,"quantile",0.4,826
"DE","00-04",2025-10-23,2025-09-28,-3,"quantile",0.425,826
"DE","00-04",2025-10-23,2025-09-28,-3,"quantile",0.45,826
"DE","00-04",2025-10-23,2025-09-28,-3,"quantile",0.475,826
"DE","00-04",2025-10-23,2025-09-28,-3,"quantile",0.5,826
"DE","00-04",2025-10-23,2025-09-28,-3,"quantile",0.525,826
"DE","00-04",2025-10-23,2025-09-28,-3,"quantile",0.55,826
"DE","00-04",2025-10-23,2025-09-28,-3,"quantile",0.575,826
"DE","00-04",2025-10-23,2025-09-28,-3,"quantile",0.6,826
"DE","00-04",2025-10-23,2025-09-28,-3,"quantile",0.625,826
"DE","00-04",2025-10-23,2025-09-28,-3,"quantile",0.65,826
"DE","00-04",2025-10-23,2025-09-28,-3,"quantile",0.675,826
"DE","00-04",2025-10-23,2025-09-28,-3,"quantile",0.7,826
"DE","00-04",2025-10-23,2025-09-28,-3,"quantile",0.725,826
"DE","00-04",2025-10-23,2025-09-28,-3,"quantile",0.75,827
"DE","00-04",2025-10-23,2025-09-28,-3,"quantile",0.775,827
"DE","00-04",2025-10-23,2025-09-28,-3,"quantile",0.8,827
"DE","00-04",2025-10-23,2025-09-28,-3,"quantile",0.825,828
"DE","00-04",2025-10-23,2025-09-28,-3,"quantile",0.85,829
"DE","00-04",2025-10-23,2025-09-28,-3,"quantile",0.875,830
"DE","00-04",2025-10-23,2025-09-28,-3,"quantile",0.9,831
"DE","00-04",2025-10-23,2025-09-28,-3,"quantile",0.925,833
"DE","00-04",2025-10-23,2025-09-28,-3,"quantile",0.95,837
"DE","00-04",2025-10-23,2025-09-28,-3,"quantile",0.975,845
"DE","05-14",2025-10-23,2025-10-19,0,"mean",NA,463
"DE","05-14",2025-10-23,2025-10-19,0,"quantile",0.025,413
"DE","05-14",2025-10-23,2025-10-19,0,"quantile",0.05,419
"DE","05-14",2025-10-23,2025-10-19,0,"quantile",0.075,423
"DE","05-14",2025-10-23,2025-10-19,0,"quantile",0.1,427
"DE","05-14",2025-10-23,2025-10-19,0,"quantile",0.125,429
"DE","05-14",2025-10-23,2025-10-19,0,"quantile",0.15,432
"DE","05-14",2025-10-23,2025-10-19,0,"quantile",0.175,434
"DE","05-14",2025-10-23,2025-10-19,0,"quantile",0.2,437
"DE","05-14",2025-10-23,2025-10-19,0,"quantile",0.225,439
"DE","05-14",2025-10-23,2025-10-19,0,"quantile",0.25,441
"DE","05-14",2025-10-23,2025-10-19,0,"quantile",0.275,443
"DE","05-14",2025-10-23,2025-10-19,0,"quantile",0.3,445
"DE","05-14",2025-10-23,2025-10-19,0,"quantile",0.325,447
"DE","05-14",2025-10-23,2025-10-19,0,"quantile",0.35,449
"DE","05-14",2025-10-23,2025-10-19,0,"quantile",0.375,450
"DE","05-14",2025-10-23,2025-10-19,0,"quantile",0.4,452
"DE","05-14",2025-10-23,2025-10-19,0,"quantile",0.425,454
"DE","05-14",2025-10-23,2025-10-19,0,"quantile",0.45,456
"DE","05-14",2025-10-23,2025-10-19,0,"quantile",0.475,458
"DE","05-14",2025-10-23,2025-10-19,0,"quantile",0.5,460
"DE","05-14",2025-10-23,2025-10-19,0,"quantile",0.525,461
"DE","05-14",2025-10-23,2025-10-19,0,"quantile",0.55,463
"DE","05-14",2025-10-23,2025-10-19,0,"quantile",0.575,465
"DE","05-14",2025-10-23,2025-10-19,0,"quantile",0.6,467
"DE","05-14",2025-10-23,2025-10-19,0,"quantile",0.625,469
"DE","05-14",2025-10-23,2025-10-19,0,"quantile",0.65,472
"DE","05-14",2025-10-23,2025-10-19,0,"quantile",0.675,474
"DE","05-14",2025-10-23,2025-10-19,0,"quantile",0.7,476
"DE","05-14",2025-10-23,2025-10-19,0,"quantile",0.725,479
"DE","05-14",2025-10-23,2025-10-19,0,"quantile",0.75,481
"DE","05-14",2025-10-23,2025-10-19,0,"quantile",0.775,484
"DE","05-14",2025-10-23,2025-10-19,0,"quantile",0.8,487
"DE","05-14",2025-10-23,2025-10-19,0,"quantile",0.825,490
"DE","05-14",2025-10-23,2025-10-19,0,"quantile",0.85,494
"DE","05-14",2025-10-23,2025-10-19,0,"quantile",0.875,498
"DE","05-14",2025-10-23,2025-10-19,0,"quantile",0.9,504
"DE","05-14",2025-10-23,2025-10-19,0,"quantile",0.925,510
"DE","05-14",2025-10-23,2025-10-19,0,"quantile",0.95,518
"DE","05-14",2025-10-23,2025-10-19,0,"quantile",0.975,532
"DE","05-14",2025-10-23,2025-10-12,-1,"mean",NA,324
"DE","05-14",2025-10-23,2025-10-12,-1,"quantile",0.025,307
"DE","05-14",2025-10-23,2025-10-12,-1,"quantile",0.05,307
"DE","05-14",2025-10-23,2025-10-12,-1,"quantile",0.075,307
"DE","05-14",2025-10-23,2025-10-12,-1,"quantile",0.1,307
"DE","05-14",2025-10-23,2025-10-12,-1,"quantile",0.125,307
"DE","05-14",2025-10-23,2025-10-12,-1,"quantile",0.15,307
"DE","05-14",2025-10-23,2025-10-12,-1,"quantile",0.175,308
"DE","05-14",2025-10-23,2025-10-12,-1,"quantile",0.2,308
"DE","05-14",2025-10-23,2025-10-12,-1,"quantile",0.225,308
"DE","05-14",2025-10-23,2025-10-12,-1,"quantile",0.25,309
"DE","05-14",2025-10-23,2025-10-12,-1,"quantile",0.275,309
"DE","05-14",2025-10-23,2025-10-12,-1,"quantile",0.3,310
"DE","05-14",2025-10-23,2025-10-12,-1,"quantile",0.325,310
"DE","05-14",2025-10-23,2025-10-12,-1,"quantile",0.35,311
"DE","05-14",2025-10-23,2025-10-12,-1,"quantile",0.375,311
"DE","05-14",2025-10-23,2025-10-12,-1,"quantile",0.4,312
"DE","05-14",2025-10-23,2025-10-12,-1,"quantile",0.425,313
"DE","05-14",2025-10-23,2025-10-12,-1,"quantile",0.45,313
"DE","05-14",2025-10-23,2025-10-12,-1,"quantile",0.475,314
"DE","05-14",2025-10-23,2025-10-12,-1,"quantile",0.5,315
"DE","05-14",2025-10-23,2025-10-12,-1,"quantile",0.525,316
"DE","05-14",2025-10-23,2025-10-12,-1,"quantile",0.55,317
"DE","05-14",2025-10-23,2025-10-12,-1,"quantile",0.575,318
"DE","05-14",2025-10-23,2025-10-12,-1,"quantile",0.6,319
"DE","05-14",2025-10-23,2025-10-12,-1,"quantile",0.625,321
"DE","05-14",2025-10-23,2025-10-12,-1,"quantile",0.65,322
"DE","05-14",2025-10-23,2025-10-12,-1,"quantile",0.675,324
"DE","05-14",2025-10-23,2025-10-12,-1,"quantile",0.7,326
"DE","05-14",2025-10-23,2025-10-12,-1,"quantile",0.725,328
"DE","05-14",2025-10-23,2025-10-12,-1,"quantile",0.75,330
"DE","05-14",2025-10-23,2025-10-12,-1,"quantile",0.775,332
"DE","05-14",2025-10-23,2025-10-12,-1,"quantile",0.8,335
"DE","05-14",2025-10-23,2025-10-12,-1,"quantile",0.825,338
"DE","05-14",2025-10-23,2025-10-12,-1,"quantile",0.85,342
"DE","05-14",2025-10-23,2025-10-12,-1,"quantile",0.875,347
"DE","05-14",2025-10-23,2025-10-12,-1,"quantile",0.9,352
"DE","05-14",2025-10-23,2025-10-12,-1,"quantile",0.925,360
"DE","05-14",2025-10-23,2025-10-12,-1,"quantile",0.95,371
"DE","05-14",2025-10-23,2025-10-12,-1,"quantile",0.975,390
"DE","05-14",2025-10-23,2025-10-05,-2,"mean",NA,381
"DE","05-14",2025-10-23,2025-10-05,-2,"quantile",0.025,375
"DE","05-14",2025-10-23,2025-10-05,-2,"quantile",0.05,375
"DE","05-14",2025-10-23,2025-10-05,-2,"quantile",0.075,375
"DE","05-14",2025-10-23,2025-10-05,-2,"quantile",0.1,375
"DE","05-14",2025-10-23,2025-10-05,-2,"quantile",0.125,375
"DE","05-14",2025-10-23,2025-10-05,-2,"quantile",0.15,375
"DE","05-14",2025-10-23,2025-10-05,-2,"quantile",0.175,375
"DE","05-14",2025-10-23,2025-10-05,-2,"quantile",0.2,375
"DE","05-14",2025-10-23,2025-10-05,-2,"quantile",0.225,375
"DE","05-14",2025-10-23,2025-10-05,-2,"quantile",0.25,375
"DE","05-14",2025-10-23,2025-10-05,-2,"quantile",0.275,375
"DE","05-14",2025-10-23,2025-10-05,-2,"quantile",0.3,375
"DE","05-14",2025-10-23,2025-10-05,-2,"quantile",0.325,375
"DE","05-14",2025-10-23,2025-10-05,-2,"quantile",0.35,375
"DE","05-14",2025-10-23,2025-10-05,-2,"quantile",0.375,375
"DE","05-14",2025-10-23,2025-10-05,-2,"quantile",0.4,375
"DE","05-14",2025-10-23,2025-10-05,-2,"quantile",0.425,375
"DE","05-14",2025-10-23,2025-10-05,-2,"quantile",0.45,375
"DE","05-14",2025-10-23,2025-10-05,-2,"quantile",0.475,376
"DE","05-14",2025-10-23,2025-10-05,-2,"quantile",0.5,376
"DE","05-14",2025-10-23,2025-10-05,-2,"quantile",0.525,376
"DE","05-14",2025-10-23,2025-10-05,-2,"quantile",0.55,376
"DE","05-14",2025-10-23,2025-10-05,-2,"quantile",0.575,377
"DE","05-14",2025-10-23,2025-10-05,-2,"quantile",0.6,377
"DE","05-14",2025-10-23,2025-10-05,-2,"quantile",0.625,377
"DE","05-14",2025-10-23,2025-10-05,-2,"quantile",0.65,378
"DE","05-14",2025-10-23,2025-10-05,-2,"quantile",0.675,378
"DE","05-14",2025-10-23,2025-10-05,-2,"quantile",0.7,379
"DE","05-14",2025-10-23,2025-10-05,-2,"quantile",0.725,380
"DE","05-14",2025-10-23,2025-10-05,-2,"quantile",0.75,381
"DE","05-14",2025-10-23,2025-10-05,-2,"quantile",0.775,382
"DE","05-14",2025-10-23,2025-10-05,-2,"quantile",0.8,383
"DE","05-14",2025-10-23,2025-10-05,-2,"quantile",0.825,385
"DE","05-14",2025-10-23,2025-10-05,-2,"quantile",0.85,387
"DE","05-14",2025-10-23,2025-10-05,-2,"quantile",0.875,389
"DE","05-14",2025-10-23,2025-10-05,-2,"quantile",0.9,392
"DE","05-14",2025-10-23,2025-10-05,-2,"quantile",0.925,397
"DE","05-14",2025-10-23,2025-10-05,-2,"quantile",0.95,403
"DE","05-14",2025-10-23,2025-10-05,-2,"quantile",0.975,415
"DE","05-14",2025-10-23,2025-09-28,-3,"mean",NA,308
"DE","05-14",2025-10-23,2025-09-28,-3,"quantile",0.025,307
"DE","05-14",2025-10-23,2025-09-28,-3,"quantile",0.05,307
"DE","05-14",2025-10-23,2025-09-28,-3,"quantile",0.075,307
"DE","05-14",2025-10-23,2025-09-28,-3,"quantile",0.1,307
"DE","05-14",2025-10-23,2025-09-28,-3,"quantile",0.125,307
"DE","05-14",2025-10-23,2025-09-28,-3,"quantile",0.15,307
"DE","05-14",2025-10-23,2025-09-28,-3,"quantile",0.175,307
"DE","05-14",2025-10-23,2025-09-28,-3,"quantile",0.2,307
"DE","05-14",2025-10-23,2025-09-28,-3,"quantile",0.225,307
"DE","05-14",2025-10-23,2025-09-28,-3,"quantile",0.25,307
"DE","05-14",2025-10-23,2025-09-28,-3,"quantile",0.275,307
"DE","05-14",2025-10-23,2025-09-28,-3,"quantile",0.3,307
"DE","05-14",2025-10-23,2025-09-28,-3,"quantile",0.325,307
"DE","05-14",2025-10-23,2025-09-28,-3,"quantile",0.35,307
"DE","05-14",2025-10-23,2025-09-28,-3,"quantile",0.375,307
"DE","05-14",2025-10-23,2025-09-28,-3,"quantile",0.4,307
"DE","05-14",2025-10-23,2025-09-28,-3,"quantile",0.425,307
"DE","05-14",2025-10-23,2025-09-28,-3,"quantile",0.45,307
"DE","05-14",2025-10-23,2025-09-28,-3,"quantile",0.475,307
"DE","05-14",2025-10-23,2025-09-28,-3,"quantile",0.5,307
"DE","05-14",2025-10-23,2025-09-28,-3,"quantile",0.525,307
"DE","05-14",2025-10-23,2025-09-28,-3,"quantile",0.55,307
"DE","05-14",2025-10-23,2025-09-28,-3,"quantile",0.575,307
"DE","05-14",2025-10-23,2025-09-28,-3,"quantile",0.6,307
"DE","05-14",2025-10-23,2025-09-28,-3,"quantile",0.625,307
"DE","05-14",2025-10-23,2025-09-28,-3,"quantile",0.65,307
"DE","05-14",2025-10-23,2025-09-28,-3,"quantile",0.675,307
"DE","05-14",2025-10-23,2025-09-28,-3,"quantile",0.7,307
"DE","05-14",2025-10-23,2025-09-28,-3,"quantile",0.725,307
"DE","05-14",2025-10-23,2025-09-28,-3,"quantile",0.75,307
"DE","05-14",2025-10-23,2025-09-28,-3,"quantile",0.775,307
"DE","05-14",2025-10-23,2025-09-28,-3,"quantile",0.8,307
"DE","05-14",2025-10-23,2025-09-28,-3,"quantile",0.825,308
"DE","05-14",2025-10-23,2025-09-28,-3,"quantile",0.85,308
"DE","05-14",2025-10-23,2025-09-28,-3,"quantile",0.875,308
"DE","05-14",2025-10-23,2025-09-28,-3,"quantile",0.9,309
"DE","05-14",2025-10-23,2025-09-28,-3,"quantile",0.925,310
"DE","05-14",2025-10-23,2025-09-28,-3,"quantile",0.95,311
"DE","05-14",2025-10-23,2025-09-28,-3,"quantile",0.975,314
"DE","15-34",2025-10-23,2025-10-19,0,"mean",NA,279
"DE","15-34",2025-10-23,2025-10-19,0,"quantile",0.025,248
"DE","15-34",2025-10-23,2025-10-19,0,"quantile",0.05,252
"DE","15-34",2025-10-23,2025-10-19,0,"quantile",0.075,254
"DE","15-34",2025-10-23,2025-10-19,0,"quantile",0.1,256
"DE","15-34",2025-10-23,2025-10-19,0,"quantile",0.125,258
"DE","15-34",2025-10-23,2025-10-19,0,"quantile",0.15,260
"DE","15-34",2025-10-23,2025-10-19,0,"quantile",0.175,261
"DE","15-34",2025-10-23,2025-10-19,0,"quantile",0.2,263
"DE","15-34",2025-10-23,2025-10-19,0,"quantile",0.225,264
"DE","15-34",2025-10-23,2025-10-19,0,"quantile",0.25,265
"DE","15-34",2025-10-23,2025-10-19,0,"quantile",0.275,267
"DE","15-34",2025-10-23,2025-10-19,0,"quantile",0.3,268
"DE","15-34",2025-10-23,2025-10-19,0,"quantile",0.325,269
"DE","15-34",2025-10-23,2025-10-19,0,"quantile",0.35,270
"DE","15-34",2025-10-23,2025-10-19,0,"quantile",0.375,271
"DE","15-34",2025-10-23,2025-10-19,0,"quantile",0.4,272
"DE","15-34",2025-10-23,2025-10-19,0,"quantile",0.425,273
"DE","15-34",2025-10-23,2025-10-19,0,"quantile",0.45,275
"DE","15-34",2025-10-23,2025-10-19,0,"quantile",0.475,276
"DE","15-34",2025-10-23,2025-10-19,0,"quantile",0.5,277
"DE","15-34",2025-10-23,2025-10-19,0,"quantile",0.525,278
"DE","15-34",2025-10-23,2025-10-19,0,"quantile",0.55,279
"DE","15-34",2025-10-23,2025-10-19,0,"quantile",0.575,280
"DE","15-34",2025-10-23,2025-10-19,0,"quantile",0.6,282
"DE","15-34",2025-10-23,2025-10-19,0,"quantile",0.625,283
"DE","15-34",2025-10-23,2025-10-19,0,"quantile",0.65,284
"DE","15-34",2025-10-23,2025-10-19,0,"quantile",0.675,286
"DE","15-34",2025-10-23,2025-10-19,0,"quantile",0.7,287
"DE","15-34",2025-10-23,2025-10-19,0,"quantile",0.725,289
"DE","15-34",2025-10-23,2025-10-19,0,"quantile",0.75,290
"DE","15-34",2025-10-23,2025-10-19,0,"quantile",0.775,292
"DE","15-34",2025-10-23,2025-10-19,0,"quantile",0.8,294
"DE","15-34",2025-10-23,2025-10-19,0,"quantile",0.825,296
"DE","15-34",2025-10-23,2025-10-19,0,"quantile",0.85,298
"DE","15-34",2025-10-23,2025-10-19,0,"quantile",0.875,301
"DE","15-34",2025-10-23,2025-10-19,0,"quantile",0.9,304
"DE","15-34",2025-10-23,2025-10-19,0,"quantile",0.925,308
"DE","15-34",2025-10-23,2025-10-19,0,"quantile",0.95,313
"DE","15-34",2025-10-23,2025-10-19,0,"quantile",0.975,322
"DE","15-34",2025-10-23,2025-10-12,-1,"mean",NA,439
"DE","15-34",2025-10-23,2025-10-12,-1,"quantile",0.025,416
"DE","15-34",2025-10-23,2025-10-12,-1,"quantile",0.05,416
"DE","15-34",2025-10-23,2025-10-12,-1,"quantile",0.075,416
"DE","15-34",2025-10-23,2025-10-12,-1,"quantile",0.1,416
"DE","15-34",2025-10-23,2025-10-12,-1,"quantile",0.125,416
"DE","15-34",2025-10-23,2025-10-12,-1,"quantile",0.15,417
"DE","15-34",2025-10-23,2025-10-12,-1,"quantile",0.175,417
"DE","15-34",2025-10-23,2025-10-12,-1,"quantile",0.2,418
"DE","15-34",2025-10-23,2025-10-12,-1,"quantile",0.225,418
"DE","15-34",2025-10-23,2025-10-12,-1,"quantile",0.25,418
"DE","15-34",2025-10-23,2025-10-12,-1,"quantile",0.275,419
"DE","15-34",2025-10-23,2025-10-12,-1,"quantile",0.3,420
"DE","15-34",2025-10-23,2025-10-12,-1,"quantile",0.325,420
"DE","15-34",2025-10-23,2025-10-12,-1,"quantile",0.35,421
"DE","15-34",2025-10-23,2025-10-12,-1,"quantile",0.375,422
"DE","15-34",2025-10-23,2025-10-12,-1,"quantile",0.4,423
"DE","15-34",2025-10-23,2025-10-12,-1,"quantile",0.425,424
"DE","15-34",2025-10-23,2025-10-12,-1,"quantile",0.45,425
"DE","15-34",2025-10-23,2025-10-12,-1,"quantile",0.475,426
"DE","15-34",2025-10-23,2025-10-12,-1,"quantile",0.5,427
"DE","15-34",2025-10-23,2025-10-12,-1,"quantile",0.525,428
"DE","15-34",2025-10-23,2025-10-12,-1,"quantile",0.55,430
"DE","15-34",2025-10-23,2025-10-12,-1,"quantile",0.575,431
"DE","15-34",2025-10-23,2025-10-12,-1,"quantile",0.6,433
"DE","15-34",2025-10-23,2025-10-12,-1,"quantile",0.625,435
"DE","15-34",2025-10-23,2025-10-12,-1,"quantile",0.65,437
"DE","15-34",2025-10-23,2025-10-12,-1,"quantile",0.675,439
"DE","15-34",2025-10-23,2025-10-12,-1,"quantile",0.7,441
"DE","15-34",2025-10-23,2025-10-12,-1,"quantile",0.725,444
"DE","15-34",2025-10-23,2025-10-12,-1,"quantile",0.75,447
"DE","15-34",2025-10-23,2025-10-12,-1,"quantile",0.775,450
"DE","15-34",2025-10-23,2025-10-12,-1,"quantile",0.8,454
"DE","15-34",2025-10-23,2025-10-12,-1,"quantile",0.825,458
"DE","15-34",2025-10-23,2025-10-12,-1,"quantile",0.85,463
"DE","15-34",2025-10-23,2025-10-12,-1,"quantile",0.875,470
"DE","15-34",2025-10-23,2025-10-12,-1,"quantile",0.9,477
"DE","15-34",2025-10-23,2025-10-12,-1,"quantile",0.925,487
"DE","15-34",2025-10-23,2025-10-12,-1,"quantile",0.95,502
"DE","15-34",2025-10-23,2025-10-12,-1,"quantile",0.975,528
"DE","15-34",2025-10-23,2025-10-05,-2,"mean",NA,287
"DE","15-34",2025-10-23,2025-10-05,-2,"quantile",0.025,283
"DE","15-34",2025-10-23,2025-10-05,-2,"quantile",0.05,283
"DE","15-34",2025-10-23,2025-10-05,-2,"quantile",0.075,283
"DE","15-34",2025-10-23,2025-10-05,-2,"quantile",0.1,283
"DE","15-34",2025-10-23,2025-10-05,-2,"quantile",0.125,283
"DE","15-34",2025-10-23,2025-10-05,-2,"quantile",0.15,283
"DE","15-34",2025-10-23,2025-10-05,-2,"quantile",0.175,283
"DE","15-34",2025-10-23,2025-10-05,-2,"quantile",0.2,283
"DE","15-34",2025-10-23,2025-10-05,-2,"quantile",0.225,283
"DE","15-34",2025-10-23,2025-10-05,-2,"quantile",0.25,283
"DE","15-34",2025-10-23,2025-10-05,-2,"quantile",0.275,283
"DE","15-34",2025-10-23,2025-10-05,-2,"quantile",0.3,283
"DE","15-34",2025-10-23,2025-10-05,-2,"quantile",0.325,283
"DE","15-34",2025-10-23,2025-10-05,-2,"quantile",0.35,283
"DE","15-34",2025-10-23,2025-10-05,-2,"quantile",0.375,283
"DE","15-34",2025-10-23,2025-10-05,-2,"quantile",0.4,283
"DE","15-34",2025-10-23,2025-10-05,-2,"quantile",0.425,283
"DE","15-34",2025-10-23,2025-10-05,-2,"quantile",0.45,283
"DE","15-34",2025-10-23,2025-10-05,-2,"quantile",0.475,283
"DE","15-34",2025-10-23,2025-10-05,-2,"quantile",0.5,284
"DE","15-34",2025-10-23,2025-10-05,-2,"quantile",0.525,284
"DE","15-34",2025-10-23,2025-10-05,-2,"quantile",0.55,284
"DE","15-34",2025-10-23,2025-10-05,-2,"quantile",0.575,284
"DE","15-34",2025-10-23,2025-10-05,-2,"quantile",0.6,284
"DE","15-34",2025-10-23,2025-10-05,-2,"quantile",0.625,285
"DE","15-34",2025-10-23,2025-10-05,-2,"quantile",0.65,285
"DE","15-34",2025-10-23,2025-10-05,-2,"quantile",0.675,286
"DE","15-34",2025-10-23,2025-10-05,-2,"quantile",0.7,286
"DE","15-34",2025-10-23,2025-10-05,-2,"quantile",0.725,287
"DE","15-34",2025-10-23,2025-10-05,-2,"quantile",0.75,287
"DE","15-34",2025-10-23,2025-10-05,-2,"quantile",0.775,288
"DE","15-34",2025-10-23,2025-10-05,-2,"quantile",0.8,289
"DE","15-34",2025-10-23,2025-10-05,-2,"quantile",0.825,290
"DE","15-34",2025-10-23,2025-10-05,-2,"quantile",0.85,292
"DE","15-34",2025-10-23,2025-10-05,-2,"quantile",0.875,294
"DE","15-34",2025-10-23,2025-10-05,-2,"quantile",0.9,296
"DE","15-34",2025-10-23,2025-10-05,-2,"quantile",0.925,299
"DE","15-34",2025-10-23,2025-10-05,-2,"quantile",0.95,304
"DE","15-34",2025-10-23,2025-10-05,-2,"quantile",0.975,313
"DE","15-34",2025-10-23,2025-09-28,-3,"mean",NA,303
"DE","15-34",2025-10-23,2025-09-28,-3,"quantile",0.025,302
"DE","15-34",2025-10-23,2025-09-28,-3,"quantile",0.05,302
"DE","15-34",2025-10-23,2025-09-28,-3,"quantile",0.075,302
"DE","15-34",2025-10-23,2025-09-28,-3,"quantile",0.1,302
"DE","15-34",2025-10-23,2025-09-28,-3,"quantile",0.125,302
"DE","15-34",2025-10-23,2025-09-28,-3,"quantile",0.15,302
"DE","15-34",2025-10-23,2025-09-28,-3,"quantile",0.175,302
"DE","15-34",2025-10-23,2025-09-28,-3,"quantile",0.2,302
"DE","15-34",2025-10-23,2025-09-28,-3,"quantile",0.225,302
"DE","15-34",2025-10-23,2025-09-28,-3,"quantile",0.25,302
"DE","15-34",2025-10-23,2025-09-28,-3,"quantile",0.275,302
"DE","15-34",2025-10-23,2025-09-28,-3,"quantile",0.3,302
"DE","15-34",2025-10-23,2025-09-28,-3,"quantile",0.325,302
"DE","15-34",2025-10-23,2025-09-28,-3,"quantile",0.35,302
"DE","15-34",2025-10-23,2025-09-28,-3,"quantile",0.375,302
"DE","15-34",2025-10-23,2025-09-28,-3,"quantile",0.4,302
"DE","15-34",2025-10-23,2025-09-28,-3,"quantile",0.425,302
"DE","15-34",2025-10-23,2025-09-28,-3,"quantile",0.45,302
"DE","15-34",2025-10-23,2025-09-28,-3,"quantile",0.475,302
"DE","15-34",2025-10-23,2025-09-28,-3,"quantile",0.5,302
"DE","15-34",2025-10-23,2025-09-28,-3,"quantile",0.525,302
"DE","15-34",2025-10-23,2025-09-28,-3,"quantile",0.55,302
"DE","15-34",2025-10-23,2025-09-28,-3,"quantile",0.575,302
"DE","15-34",2025-10-23,2025-09-28,-3,"quantile",0.6,302
"DE","15-34",2025-10-23,2025-09-28,-3,"quantile",0.625,302
"DE","15-34",2025-10-23,2025-09-28,-3,"quantile",0.65,302
"DE","15-34",2025-10-23,2025-09-28,-3,"quantile",0.675,302
"DE","15-34",2025-10-23,2025-09-28,-3,"quantile",0.7,302
"DE","15-34",2025-10-23,2025-09-28,-3,"quantile",0.725,302
"DE","15-34",2025-10-23,2025-09-28,-3,"quantile",0.75,302
"DE","15-34",2025-10-23,2025-09-28,-3,"quantile",0.775,302
"DE","15-34",2025-10-23,2025-09-28,-3,"quantile",0.8,302
"DE","15-34",2025-10-23,2025-09-28,-3,"quantile",0.825,303
"DE","15-34",2025-10-23,2025-09-28,-3,"quantile",0.85,303
"DE","15-34",2025-10-23,2025-09-28,-3,"quantile",0.875,303
"DE","15-34",2025-10-23,2025-09-28,-3,"quantile",0.9,304
"DE","15-34",2025-10-23,2025-09-28,-3,"quantile",0.925,305
"DE","15-34",2025-10-23,2025-09-28,-3,"quantile",0.95,306
"DE","15-34",2025-10-23,2025-09-28,-3,"quantile",0.975,309
"DE","35-59",2025-10-23,2025-10-19,0,"mean",NA,1310
"DE","35-59",2025-10-23,2025-10-19,0,"quantile",0.025,1173
"DE","35-59",2025-10-23,2025-10-19,0,"quantile",0.05,1189
"DE","35-59",2025-10-23,2025-10-19,0,"quantile",0.075,1201
"DE","35-59",2025-10-23,2025-10-19,0,"quantile",0.1,1210
"DE","35-59",2025-10-23,2025-10-19,0,"quantile",0.125,1218
"DE","35-59",2025-10-23,2025-10-19,0,"quantile",0.15,1225
"DE","35-59",2025-10-23,2025-10-19,0,"quantile",0.175,1232
"DE","35-59",2025-10-23,2025-10-19,0,"quantile",0.2,1238
"DE","35-59",2025-10-23,2025-10-19,0,"quantile",0.225,1244
"DE","35-59",2025-10-23,2025-10-19,0,"quantile",0.25,1249
"DE","35-59",2025-10-23,2025-10-19,0,"quantile",0.275,1255
"DE","35-59",2025-10-23,2025-10-19,0,"quantile",0.3,1260
"DE","35-59",2025-10-23,2025-10-19,0,"quantile",0.325,1265
"DE","35-59",2025-10-23,2025-10-19,0,"quantile",0.35,1270
"DE","35-59",2025-10-23,2025-10-19,0,"quantile",0.375,1275
"DE","35-59",2025-10-23,2025-10-19,0,"quantile",0.4,1280
"DE","35-59",2025-10-23,2025-10-19,0,"quantile",0.425,1285
"DE","35-59",2025-10-23,2025-10-19,0,"quantile",0.45,1290
"DE","35-59",2025-10-23,2025-10-19,0,"quantile",0.475,1295
"DE","35-59",2025-10-23,2025-10-19,0,"quantile",0.5,1300
"DE","35-59",2025-10-23,2025-10-19,0,"quantile",0.525,1306
"DE","35-59",2025-10-23,2025-10-19,0,"quantile",0.55,1311
"DE","35-59",2025-10-23,2025-10-19,0,"quantile",0.575,1316
"DE","35-59",2025-10-23,2025-10-19,0,"quantile",0.6,1322
"DE","35-59",2025-10-23,2025-10-19,0,"quantile",0.625,1328
"DE","35-59",2025-10-23,2025-10-19,0,"quantile",0.65,1333
"DE","35-59",2025-10-23,2025-10-19,0,"quantile",0.675,1340
"DE","35-59",2025-10-23,2025-10-19,0,"quantile",0.7,1346
"DE","35-59",2025-10-23,2025-10-19,0,"quantile",0.725,1353
"DE","35-59",2025-10-23,2025-10-19,0,"quantile",0.75,1360
"DE","35-59",2025-10-23,2025-10-19,0,"quantile",0.775,1368
"DE","35-59",2025-10-23,2025-10-19,0,"quantile",0.8,1376
"DE","35-59",2025-10-23,2025-10-19,0,"quantile",0.825,1385
"DE","35-59",2025-10-23,2025-10-19,0,"quantile",0.85,1396
"DE","35-59",2025-10-23,2025-10-19,0,"quantile",0.875,1407
"DE","35-59",2025-10-23,2025-10-19,0,"quantile",0.9,1421
"DE","35-59",2025-10-23,2025-10-19,0,"quantile",0.925,1438
"DE","35-59",2025-10-23,2025-10-19,0,"quantile",0.95,1461
"DE","35-59",2025-10-23,2025-10-19,0,"quantile",0.975,1498
"DE","35-59",2025-10-23,2025-10-12,-1,"mean",NA,1028
"DE","35-59",2025-10-23,2025-10-12,-1,"quantile",0.025,974
"DE","35-59",2025-10-23,2025-10-12,-1,"quantile",0.05,974
"DE","35-59",2025-10-23,2025-10-12,-1,"quantile",0.075,974
"DE","35-59",2025-10-23,2025-10-12,-1,"quantile",0.1,975
"DE","35-59",2025-10-23,2025-10-12,-1,"quantile",0.125,975
"DE","35-59",2025-10-23,2025-10-12,-1,"quantile",0.15,976
"DE","35-59",2025-10-23,2025-10-12,-1,"quantile",0.175,977
"DE","35-59",2025-10-23,2025-10-12,-1,"quantile",0.2,978
"DE","35-59",2025-10-23,2025-10-12,-1,"quantile",0.225,979
"DE","35-59",2025-10-23,2025-10-12,-1,"quantile",0.25,980
"DE","35-59",2025-10-23,2025-10-12,-1,"quantile",0.275,981
"DE","35-59",2025-10-23,2025-10-12,-1,"quantile",0.3,983
"DE","35-59",2025-10-23,2025-10-12,-1,"quantile",0.325,984
"DE","35-59",2025-10-23,2025-10-12,-1,"quantile",0.35,986
"DE","35-59",2025-10-23,2025-10-12,-1,"quantile",0.375,988
"DE","35-59",2025-10-23,2025-10-12,-1,"quantile",0.4,990
"DE","35-59",2025-10-23,2025-10-12,-1,"quantile",0.425,992
"DE","35-59",2025-10-23,2025-10-12,-1,"quantile",0.45,995
"DE","35-59",2025-10-23,2025-10-12,-1,"quantile",0.475,997
"DE","35-59",2025-10-23,2025-10-12,-1,"quantile",0.5,1000
"DE","35-59",2025-10-23,2025-10-12,-1,"quantile",0.525,1003
"DE","35-59",2025-10-23,2025-10-12,-1,"quantile",0.55,1006
"DE","35-59",2025-10-23,2025-10-12,-1,"quantile",0.575,1010
"DE","35-59",2025-10-23,2025-10-12,-1,"quantile",0.6,1014
"DE","35-59",2025-10-23,2025-10-12,-1,"quantile",0.625,1018
"DE","35-59",2025-10-23,2025-10-12,-1,"quantile",0.65,1022
"DE","35-59",2025-10-23,2025-10-12,-1,"quantile",0.675,1027
"DE","35-59",2025-10-23,2025-10-12,-1,"quantile",0.7,1033
"DE","35-59",2025-10-23,2025-10-12,-1,"quantile",0.725,1039
"DE","35-59",2025-10-23,2025-10-12,-1,"quantile",0.75,1046
"DE","35-59",2025-10-23,2025-10-12,-1,"quantile",0.775,1054
"DE","35-59",2025-10-23,2025-10-12,-1,"quantile",0.8,1062
"DE","35-59",2025-10-23,2025-10-12,-1,"quantile",0.825,1072
"DE","35-59",2025-10-23,2025-10-12,-1,"quantile",0.85,1084
"DE","35-59",2025-10-23,2025-10-12,-1,"quantile",0.875,1099
"DE","35-59",2025-10-23,2025-10-12,-1,"quantile",0.9,1117
"DE","35-59",2025-10-23,2025-10-12,-1,"quantile",0.925,1140
"DE","35-59",2025-10-23,2025-10-12,-1,"quantile",0.95,1175
"DE","35-59",2025-10-23,2025-10-12,-1,"quantile",0.975,1234
"DE","35-59",2025-10-23,2025-10-05,-2,"mean",NA,698
"DE","35-59",2025-10-23,2025-10-05,-2,"quantile",0.025,688
"DE","35-59",2025-10-23,2025-10-05,-2,"quantile",0.05,688
"DE","35-59",2025-10-23,2025-10-05,-2,"quantile",0.075,688
"DE","35-59",2025-10-23,2025-10-05,-2,"quantile",0.1,688
"DE","35-59",2025-10-23,2025-10-05,-2,"quantile",0.125,688
"DE","35-59",2025-10-23,2025-10-05,-2,"quantile",0.15,688
"DE","35-59",2025-10-23,2025-10-05,-2,"quantile",0.175,688
"DE","35-59",2025-10-23,2025-10-05,-2,"quantile",0.2,688
"DE","35-59",2025-10-23,2025-10-05,-2,"quantile",0.225,688
"DE","35-59",2025-10-23,2025-10-05,-2,"quantile",0.25,688
"DE","35-59",2025-10-23,2025-10-05,-2,"quantile",0.275,688
"DE","35-59",2025-10-23,2025-10-05,-2,"quantile",0.3,688
"DE","35-59",2025-10-23,2025-10-05,-2,"quantile",0.325,688
"DE","35-59",2025-10-23,2025-10-05,-2,"quantile",0.35,688
"DE","35-59",2025-10-23,2025-10-05,-2,"quantile",0.375,688
"DE","35-59",2025-10-23,2025-10-05,-2,"quantile",0.4,689
"DE","35-59",2025-10-23,2025-10-05,-2,"quantile",0.425,689
"DE","35-59",2025-10-23,2025-10-05,-2,"quantile",0.45,689
"DE","35-59",2025-10-23,2025-10-05,-2,"quantile",0.475,689
"DE","35-59",2025-10-23,2025-10-05,-2,"quantile",0.5,690
"DE","35-59",2025-10-23,2025-10-05,-2,"quantile",0.525,690
"DE","35-59",2025-10-23,2025-10-05,-2,"quantile",0.55,690
"DE","35-59",2025-10-23,2025-10-05,-2,"quantile",0.575,691
"DE","35-59",2025-10-23,2025-10-05,-2,"quantile",0.6,692
"DE","35-59",2025-10-23,2025-10-05,-2,"quantile",0.625,692
"DE","35-59",2025-10-23,2025-10-05,-2,"quantile",0.65,693
"DE","35-59",2025-10-23,2025-10-05,-2,"quantile",0.675,694
"DE","35-59",2025-10-23,2025-10-05,-2,"quantile",0.7,696
"DE","35-59",2025-10-23,2025-10-05,-2,"quantile",0.725,697
"DE","35-59",2025-10-23,2025-10-05,-2,"quantile",0.75,699
"DE","35-59",2025-10-23,2025-10-05,-2,"quantile",0.775,701
"DE","35-59",2025-10-23,2025-10-05,-2,"quantile",0.8,703
"DE","35-59",2025-10-23,2025-10-05,-2,"quantile",0.825,706
"DE","35-59",2025-10-23,2025-10-05,-2,"quantile",0.85,709
"DE","35-59",2025-10-23,2025-10-05,-2,"quantile",0.875,714
"DE","35-59",2025-10-23,2025-10-05,-2,"quantile",0.9,720
"DE","35-59",2025-10-23,2025-10-05,-2,"quantile",0.925,727
"DE","35-59",2025-10-23,2025-10-05,-2,"quantile",0.95,739
"DE","35-59",2025-10-23,2025-10-05,-2,"quantile",0.975,761
"DE","35-59",2025-10-23,2025-09-28,-3,"mean",NA,690
"DE","35-59",2025-10-23,2025-09-28,-3,"quantile",0.025,688
"DE","35-59",2025-10-23,2025-09-28,-3,"quantile",0.05,688
"DE","35-59",2025-10-23,2025-09-28,-3,"quantile",0.075,688
"DE","35-59",2025-10-23,2025-09-28,-3,"quantile",0.1,688
"DE","35-59",2025-10-23,2025-09-28,-3,"quantile",0.125,688
"DE","35-59",2025-10-23,2025-09-28,-3,"quantile",0.15,688
"DE","35-59",2025-10-23,2025-09-28,-3,"quantile",0.175,688
"DE","35-59",2025-10-23,2025-09-28,-3,"quantile",0.2,688
"DE","35-59",2025-10-23,2025-09-28,-3,"quantile",0.225,688
"DE","35-59",2025-10-23,2025-09-28,-3,"quantile",0.25,688
"DE","35-59",2025-10-23,2025-09-28,-3,"quantile",0.275,688
"DE","35-59",2025-10-23,2025-09-28,-3,"quantile",0.3,688
"DE","35-59",2025-10-23,2025-09-28,-3,"quantile",0.325,688
"DE","35-59",2025-10-23,2025-09-28,-3,"quantile",0.35,688
"DE","35-59",2025-10-23,2025-09-28,-3,"quantile",0.375,688
"DE","35-59",2025-10-23,2025-09-28,-3,"quantile",0.4,688
"DE","35-59",2025-10-23,2025-09-28,-3,"quantile",0.425,688
"DE","35-59",2025-10-23,2025-09-28,-3,"quantile",0.45,688
"DE","35-59",2025-10-23,2025-09-28,-3,"quantile",0.475,688
"DE","35-59",2025-10-23,2025-09-28,-3,"quantile",0.5,688
"DE","35-59",2025-10-23,2025-09-28,-3,"quantile",0.525,688
"DE","35-59",2025-10-23,2025-09-28,-3,"quantile",0.55,688
"DE","35-59",2025-10-23,2025-09-28,-3,"quantile",0.575,688
"DE","35-59",2025-10-23,2025-09-28,-3,"quantile",0.6,688
"DE","35-59",2025-10-23,2025-09-28,-3,"quantile",0.625,688
"DE","35-59",2025-10-23,2025-09-28,-3,"quantile",0.65,688
"DE","35-59",2025-10-23,2025-09-28,-3,"quantile",0.675,688
"DE","35-59",2025-10-23,2025-09-28,-3,"quantile",0.7,688
"DE","35-59",2025-10-23,2025-09-28,-3,"quantile",0.725,688
"DE","35-59",2025-10-23,2025-09-28,-3,"quantile",0.75,688
"DE","35-59",2025-10-23,2025-09-28,-3,"quantile",0.775,689
"DE","35-59",2025-10-23,2025-09-28,-3,"quantile",0.8,689
"DE","35-59",2025-10-23,2025-09-28,-3,"quantile",0.825,690
"DE","35-59",2025-10-23,2025-09-28,-3,"quantile",0.85,690
"DE","35-59",2025-10-23,2025-09-28,-3,"quantile",0.875,691
"DE","35-59",2025-10-23,2025-09-28,-3,"quantile",0.9,692
"DE","35-59",2025-10-23,2025-09-28,-3,"quantile",0.925,694
"DE","35-59",2025-10-23,2025-09-28,-3,"quantile",0.95,697
"DE","35-59",2025-10-23,2025-09-28,-3,"quantile",0.975,704
"DE","60-79",2025-10-23,2025-10-19,0,"mean",NA,3159
"DE","60-79",2025-10-23,2025-10-19,0,"quantile",0.025,2833
"DE","60-79",2025-10-23,2025-10-19,0,"quantile",0.05,2872
"DE","60-79",2025-10-23,2025-10-19,0,"quantile",0.075,2899
"DE","60-79",2025-10-23,2025-10-19,0,"quantile",0.1,2921
"DE","60-79",2025-10-23,2025-10-19,0,"quantile",0.125,2940
"DE","60-79",2025-10-23,2025-10-19,0,"quantile",0.15,2957
"DE","60-79",2025-10-23,2025-10-19,0,"quantile",0.175,2973
"DE","60-79",2025-10-23,2025-10-19,0,"quantile",0.2,2987
"DE","60-79",2025-10-23,2025-10-19,0,"quantile",0.225,3001
"DE","60-79",2025-10-23,2025-10-19,0,"quantile",0.25,3015
"DE","60-79",2025-10-23,2025-10-19,0,"quantile",0.275,3028
"DE","60-79",2025-10-23,2025-10-19,0,"quantile",0.3,3040
"DE","60-79",2025-10-23,2025-10-19,0,"quantile",0.325,3053
"DE","60-79",2025-10-23,2025-10-19,0,"quantile",0.35,3065
"DE","60-79",2025-10-23,2025-10-19,0,"quantile",0.375,3077
"DE","60-79",2025-10-23,2025-10-19,0,"quantile",0.4,3089
"DE","60-79",2025-10-23,2025-10-19,0,"quantile",0.425,3101
"DE","60-79",2025-10-23,2025-10-19,0,"quantile",0.45,3113
"DE","60-79",2025-10-23,2025-10-19,0,"quantile",0.475,3125
"DE","60-79",2025-10-23,2025-10-19,0,"quantile",0.5,3137
"DE","60-79",2025-10-23,2025-10-19,0,"quantile",0.525,3149
"DE","60-79",2025-10-23,2025-10-19,0,"quantile",0.55,3162
"DE","60-79",2025-10-23,2025-10-19,0,"quantile",0.575,3175
"DE","60-79",2025-10-23,2025-10-19,0,"quantile",0.6,3188
"DE","60-79",2025-10-23,2025-10-19,0,"quantile",0.625,3201
"DE","60-79",2025-10-23,2025-10-19,0,"quantile",0.65,3215
"DE","60-79",2025-10-23,2025-10-19,0,"quantile",0.675,3230
"DE","60-79",2025-10-23,2025-10-19,0,"quantile",0.7,3245
"DE","60-79",2025-10-23,2025-10-19,0,"quantile",0.725,3262
"DE","60-79",2025-10-23,2025-10-19,0,"quantile",0.75,3279
"DE","60-79",2025-10-23,2025-10-19,0,"quantile",0.775,3297
"DE","60-79",2025-10-23,2025-10-19,0,"quantile",0.8,3317
"DE","60-79",2025-10-23,2025-10-19,0,"quantile",0.825,3339
"DE","60-79",2025-10-23,2025-10-19,0,"quantile",0.85,3364
"DE","60-79",2025-10-23,2025-10-19,0,"quantile",0.875,3392
"DE","60-79",2025-10-23,2025-10-19,0,"quantile",0.9,3425
"DE","60-79",2025-10-23,2025-10-19,0,"quantile",0.925,3466
"DE","60-79",2025-10-23,2025-10-19,0,"quantile",0.95,3520
"DE","60-79",2025-10-23,2025-10-19,0,"quantile",0.975,3609
"DE","60-79",2025-10-23,2025-10-12,-1,"mean",NA,2508
"DE","60-79",2025-10-23,2025-10-12,-1,"quantile",0.025,2377
"DE","60-79",2025-10-23,2025-10-12,-1,"quantile",0.05,2377
"DE","60-79",2025-10-23,2025-10-12,-1,"quantile",0.075,2378
"DE","60-79",2025-10-23,2025-10-12,-1,"quantile",0.1,2380
"DE","60-79",2025-10-23,2025-10-12,-1,"quantile",0.125,2381
"DE","60-79",2025-10-23,2025-10-12,-1,"quantile",0.15,2383
"DE","60-79",2025-10-23,2025-10-12,-1,"quantile",0.175,2385
"DE","60-79",2025-10-23,2025-10-12,-1,"quantile",0.2,2387
"DE","60-79",2025-10-23,2025-10-12,-1,"quantile",0.225,2390
"DE","60-79",2025-10-23,2025-10-12,-1,"quantile",0.25,2392
"DE","60-79",2025-10-23,2025-10-12,-1,"quantile",0.275,2396
"DE","60-79",2025-10-23,2025-10-12,-1,"quantile",0.3,2399
"DE","60-79",2025-10-23,2025-10-12,-1,"quantile",0.325,2403
"DE","60-79",2025-10-23,2025-10-12,-1,"quantile",0.35,2407
"DE","60-79",2025-10-23,2025-10-12,-1,"quantile",0.375,2412
"DE","60-79",2025-10-23,2025-10-12,-1,"quantile",0.4,2416
"DE","60-79",2025-10-23,2025-10-12,-1,"quantile",0.425,2422
"DE","60-79",2025-10-23,2025-10-12,-1,"quantile",0.45,2428
"DE","60-79",2025-10-23,2025-10-12,-1,"quantile",0.475,2434
"DE","60-79",2025-10-23,2025-10-12,-1,"quantile",0.5,2441
"DE","60-79",2025-10-23,2025-10-12,-1,"quantile",0.525,2448
"DE","60-79",2025-10-23,2025-10-12,-1,"quantile",0.55,2456
"DE","60-79",2025-10-23,2025-10-12,-1,"quantile",0.575,2464
"DE","60-79",2025-10-23,2025-10-12,-1,"quantile",0.6,2474
"DE","60-79",2025-10-23,2025-10-12,-1,"quantile",0.625,2484
"DE","60-79",2025-10-23,2025-10-12,-1,"quantile",0.65,2495
"DE","60-79",2025-10-23,2025-10-12,-1,"quantile",0.675,2507
"DE","60-79",2025-10-23,2025-10-12,-1,"quantile",0.7,2520
"DE","60-79",2025-10-23,2025-10-12,-1,"quantile",0.725,2535
"DE","60-79",2025-10-23,2025-10-12,-1,"quantile",0.75,2552
"DE","60-79",2025-10-23,2025-10-12,-1,"quantile",0.775,2571
"DE","60-79",2025-10-23,2025-10-12,-1,"quantile",0.8,2592
"DE","60-79",2025-10-23,2025-10-12,-1,"quantile",0.825,2617
"DE","60-79",2025-10-23,2025-10-12,-1,"quantile",0.85,2646
"DE","60-79",2025-10-23,2025-10-12,-1,"quantile",0.875,2681
"DE","60-79",2025-10-23,2025-10-12,-1,"quantile",0.9,2725
"DE","60-79",2025-10-23,2025-10-12,-1,"quantile",0.925,2782
"DE","60-79",2025-10-23,2025-10-12,-1,"quantile",0.95,2865
"DE","60-79",2025-10-23,2025-10-12,-1,"quantile",0.975,3011
"DE","60-79",2025-10-23,2025-10-05,-2,"mean",NA,2192
"DE","60-79",2025-10-23,2025-10-05,-2,"quantile",0.025,2159
"DE","60-79",2025-10-23,2025-10-05,-2,"quantile",0.05,2159
"DE","60-79",2025-10-23,2025-10-05,-2,"quantile",0.075,2159
"DE","60-79",2025-10-23,2025-10-05,-2,"quantile",0.1,2159
"DE","60-79",2025-10-23,2025-10-05,-2,"quantile",0.125,2159
"DE","60-79",2025-10-23,2025-10-05,-2,"quantile",0.15,2159
"DE","60-79",2025-10-23,2025-10-05,-2,"quantile",0.175,2159
"DE","60-79",2025-10-23,2025-10-05,-2,"quantile",0.2,2159
"DE","60-79",2025-10-23,2025-10-05,-2,"quantile",0.225,2159
"DE","60-79",2025-10-23,2025-10-05,-2,"quantile",0.25,2159
"DE","60-79",2025-10-23,2025-10-05,-2,"quantile",0.275,2159
"DE","60-79",2025-10-23,2025-10-05,-2,"quantile",0.3,2159
"DE","60-79",2025-10-23,2025-10-05,-2,"quantile",0.325,2160
"DE","60-79",2025-10-23,2025-10-05,-2,"quantile",0.35,2160
"DE","60-79",2025-10-23,2025-10-05,-2,"quantile",0.375,2160
"DE","60-79",2025-10-23,2025-10-05,-2,"quantile",0.4,2161
"DE","60-79",2025-10-23,2025-10-05,-2,"quantile",0.425,2162
"DE","60-79",2025-10-23,2025-10-05,-2,"quantile",0.45,2162
"DE","60-79",2025-10-23,2025-10-05,-2,"quantile",0.475,2163
"DE","60-79",2025-10-23,2025-10-05,-2,"quantile",0.5,2164
"DE","60-79",2025-10-23,2025-10-05,-2,"quantile",0.525,2166
"DE","60-79",2025-10-23,2025-10-05,-2,"quantile",0.55,2167
"DE","60-79",2025-10-23,2025-10-05,-2,"quantile",0.575,2169
"DE","60-79",2025-10-23,2025-10-05,-2,"quantile",0.6,2171
"DE","60-79",2025-10-23,2025-10-05,-2,"quantile",0.625,2173
"DE","60-79",2025-10-23,2025-10-05,-2,"quantile",0.65,2176
"DE","60-79",2025-10-23,2025-10-05,-2,"quantile",0.675,2179
"DE","60-79",2025-10-23,2025-10-05,-2,"quantile",0.7,2183
"DE","60-79",2025-10-23,2025-10-05,-2,"quantile",0.725,2187
"DE","60-79",2025-10-23,2025-10-05,-2,"quantile",0.75,2193
"DE","60-79",2025-10-23,2025-10-05,-2,"quantile",0.775,2199
"DE","60-79",2025-10-23,2025-10-05,-2,"quantile",0.8,2206
"DE","60-79",2025-10-23,2025-10-05,-2,"quantile",0.825,2215
"DE","60-79",2025-10-23,2025-10-05,-2,"quantile",0.85,2226
"DE","60-79",2025-10-23,2025-10-05,-2,"quantile",0.875,2240
"DE","60-79",2025-10-23,2025-10-05,-2,"quantile",0.9,2258
"DE","60-79",2025-10-23,2025-10-05,-2,"quantile",0.925,2282
"DE","60-79",2025-10-23,2025-10-05,-2,"quantile",0.95,2319
"DE","60-79",2025-10-23,2025-10-05,-2,"quantile",0.975,2387
"DE","60-79",2025-10-23,2025-09-28,-3,"mean",NA,2237
"DE","60-79",2025-10-23,2025-09-28,-3,"quantile",0.025,2232
"DE","60-79",2025-10-23,2025-09-28,-3,"quantile",0.05,2232
"DE","60-79",2025-10-23,2025-09-28,-3,"quantile",0.075,2232
"DE","60-79",2025-10-23,2025-09-28,-3,"quantile",0.1,2232
"DE","60-79",2025-10-23,2025-09-28,-3,"quantile",0.125,2232
"DE","60-79",2025-10-23,2025-09-28,-3,"quantile",0.15,2232
"DE","60-79",2025-10-23,2025-09-28,-3,"quantile",0.175,2232
"DE","60-79",2025-10-23,2025-09-28,-3,"quantile",0.2,2232
"DE","60-79",2025-10-23,2025-09-28,-3,"quantile",0.225,2232
"DE","60-79",2025-10-23,2025-09-28,-3,"quantile",0.25,2232
"DE","60-79",2025-10-23,2025-09-28,-3,"quantile",0.275,2232
"DE","60-79",2025-10-23,2025-09-28,-3,"quantile",0.3,2232
"DE","60-79",2025-10-23,2025-09-28,-3,"quantile",0.325,2232
"DE","60-79",2025-10-23,2025-09-28,-3,"quantile",0.35,2232
"DE","60-79",2025-10-23,2025-09-28,-3,"quantile",0.375,2232
"DE","60-79",2025-10-23,2025-09-28,-3,"quantile",0.4,2232
"DE","60-79",2025-10-23,2025-09-28,-3,"quantile",0.425,2232
"DE","60-79",2025-10-23,2025-09-28,-3,"quantile",0.45,2232
"DE","60-79",2025-10-23,2025-09-28,-3,"quantile",0.475,2232
"DE","60-79",2025-10-23,2025-09-28,-3,"quantile",0.5,2232
"DE","60-79",2025-10-23,2025-09-28,-3,"quantile",0.525,2232
"DE","60-79",2025-10-23,2025-09-28,-3,"quantile",0.55,2232
"DE","60-79",2025-10-23,2025-09-28,-3,"quantile",0.575,2232
"DE","60-79",2025-10-23,2025-09-28,-3,"quantile",0.6,2232
"DE","60-79",2025-10-23,2025-09-28,-3,"quantile",0.625,2232
"DE","60-79",2025-10-23,2025-09-28,-3,"quantile",0.65,2232
"DE","60-79",2025-10-23,2025-09-28,-3,"quantile",0.675,2233
"DE","60-79",2025-10-23,2025-09-28,-3,"quantile",0.7,2233
"DE","60-79",2025-10-23,2025-09-28,-3,"quantile",0.725,2233
"DE","60-79",2025-10-23,2025-09-28,-3,"quantile",0.75,2234
"DE","60-79",2025-10-23,2025-09-28,-3,"quantile",0.775,2235
"DE","60-79",2025-10-23,2025-09-28,-3,"quantile",0.8,2236
"DE","60-79",2025-10-23,2025-09-28,-3,"quantile",0.825,2237
"DE","60-79",2025-10-23,2025-09-28,-3,"quantile",0.85,2239
"DE","60-79",2025-10-23,2025-09-28,-3,"quantile",0.875,2242
"DE","60-79",2025-10-23,2025-09-28,-3,"quantile",0.9,2246
"DE","60-79",2025-10-23,2025-09-28,-3,"quantile",0.925,2252
"DE","60-79",2025-10-23,2025-09-28,-3,"quantile",0.95,2262
"DE","60-79",2025-10-23,2025-09-28,-3,"quantile",0.975,2283
"DE","80+",2025-10-23,2025-10-19,0,"mean",NA,3156
"DE","80+",2025-10-23,2025-10-19,0,"quantile",0.025,2831
"DE","80+",2025-10-23,2025-10-19,0,"quantile",0.05,2869
"DE","80+",2025-10-23,2025-10-19,0,"quantile",0.075,2897
"DE","80+",2025-10-23,2025-10-19,0,"quantile",0.1,2919
"DE","80+",2025-10-23,2025-10-19,0,"quantile",0.125,2938
"DE","80+",2025-10-23,2025-10-19,0,"quantile",0.15,2955
"DE","80+",2025-10-23,2025-10-19,0,"quantile",0.175,2970
"DE","80+",2025-10-23,2025-10-19,0,"quantile",0.2,2985
"DE","80+",2025-10-23,2025-10-19,0,"quantile",0.225,2999
"DE","80+",2025-10-23,2025-10-19,0,"quantile",0.25,3012
"DE","80+",2025-10-23,2025-10-19,0,"quantile",0.275,3025
"DE","80+",2025-10-23,2025-10-19,0,"quantile",0.3,3038
"DE","80+",2025-10-23,2025-10-19,0,"quantile",0.325,3050
"DE","80+",2025-10-23,2025-10-19,0,"quantile",0.35,3062
"DE","80+",2025-10-23,2025-10-19,0,"quantile",0.375,3074
"DE","80+",2025-10-23,2025-10-19,0,"quantile",0.4,3086
"DE","80+",2025-10-23,2025-10-19,0,"quantile",0.425,3098
"DE","80+",2025-10-23,2025-10-19,0,"quantile",0.45,3110
"DE","80+",2025-10-23,2025-10-19,0,"quantile",0.475,3122
"DE","80+",2025-10-23,2025-10-19,0,"quantile",0.5,3134
"DE","80+",2025-10-23,2025-10-19,0,"quantile",0.525,3147
"DE","80+",2025-10-23,2025-10-19,0,"quantile",0.55,3159
"DE","80+",2025-10-23,2025-10-19,0,"quantile",0.575,3172
"DE","80+",2025-10-23,2025-10-19,0,"quantile",0.6,3185
"DE","80+",2025-10-23,2025-10-19,0,"quantile",0.625,3199
"DE","80+",2025-10-23,2025-10-19,0,"quantile",0.65,3213
"DE","80+",2025-10-23,2025-10-19,0,"quantile",0.675,3228
"DE","80+",2025-10-23,2025-10-19,0,"quantile",0.7,3243
"DE","80+",2025-10-23,2025-10-19,0,"quantile",0.725,3259
"DE","80+",2025-10-23,2025-10-19,0,"quantile",0.75,3276
"DE","80+",2025-10-23,2025-10-19,0,"quantile",0.775,3295
"DE","80+",2025-10-23,2025-10-19,0,"quantile",0.8,3315
"DE","80+",2025-10-23,2025-10-19,0,"quantile",0.825,3337
"DE","80+",2025-10-23,2025-10-19,0,"quantile",0.85,3361
"DE","80+",2025-10-23,2025-10-19,0,"quantile",0.875,3389
"DE","80+",2025-10-23,2025-10-19,0,"quantile",0.9,3422
"DE","80+",2025-10-23,2025-10-19,0,"quantile",0.925,3463
"DE","80+",2025-10-23,2025-10-19,0,"quantile",0.95,3518
"DE","80+",2025-10-23,2025-10-19,0,"quantile",0.975,3606
"DE","80+",2025-10-23,2025-10-12,-1,"mean",NA,3186
"DE","80+",2025-10-23,2025-10-12,-1,"quantile",0.025,3020
"DE","80+",2025-10-23,2025-10-12,-1,"quantile",0.05,3021
"DE","80+",2025-10-23,2025-10-12,-1,"quantile",0.075,3022
"DE","80+",2025-10-23,2025-10-12,-1,"quantile",0.1,3023
"DE","80+",2025-10-23,2025-10-12,-1,"quantile",0.125,3025
"DE","80+",2025-10-23,2025-10-12,-1,"quantile",0.15,3027
"DE","80+",2025-10-23,2025-10-12,-1,"quantile",0.175,3030
"DE","80+",2025-10-23,2025-10-12,-1,"quantile",0.2,3033
"DE","80+",2025-10-23,2025-10-12,-1,"quantile",0.225,3036
"DE","80+",2025-10-23,2025-10-12,-1,"quantile",0.25,3040
"DE","80+",2025-10-23,2025-10-12,-1,"quantile",0.275,3044
"DE","80+",2025-10-23,2025-10-12,-1,"quantile",0.3,3048
"DE","80+",2025-10-23,2025-10-12,-1,"quantile",0.325,3053
"DE","80+",2025-10-23,2025-10-12,-1,"quantile",0.35,3058
"DE","80+",2025-10-23,2025-10-12,-1,"quantile",0.375,3064
"DE","80+",2025-10-23,2025-10-12,-1,"quantile",0.4,3070
"DE","80+",2025-10-23,2025-10-12,-1,"quantile",0.425,3077
"DE","80+",2025-10-23,2025-10-12,-1,"quantile",0.45,3084
"DE","80+",2025-10-23,2025-10-12,-1,"quantile",0.475,3092
"DE","80+",2025-10-23,2025-10-12,-1,"quantile",0.5,3101
"DE","80+",2025-10-23,2025-10-12,-1,"quantile",0.525,3110
"DE","80+",2025-10-23,2025-10-12,-1,"quantile",0.55,3120
"DE","80+",2025-10-23,2025-10-12,-1,"quantile",0.575,3131
"DE","80+",2025-10-23,2025-10-12,-1,"quantile",0.6,3143
"DE","80+",2025-10-23,2025-10-12,-1,"quantile",0.625,3156
"DE","80+",2025-10-23,2025-10-12,-1,"quantile",0.65,3170
"DE","80+",2025-10-23,2025-10-12,-1,"quantile",0.675,3185
"DE","80+",2025-10-23,2025-10-12,-1,"quantile",0.7,3202
"DE","80+",2025-10-23,2025-10-12,-1,"quantile",0.725,3221
"DE","80+",2025-10-23,2025-10-12,-1,"quantile",0.75,3242
"DE","80+",2025-10-23,2025-10-12,-1,"quantile",0.775,3266
"DE","80+",2025-10-23,2025-10-12,-1,"quantile",0.8,3293
"DE","80+",2025-10-23,2025-10-12,-1,"quantile",0.825,3325
"DE","80+",2025-10-23,2025-10-12,-1,"quantile",0.85,3362
"DE","80+",2025-10-23,2025-10-12,-1,"quantile",0.875,3406
"DE","80+",2025-10-23,2025-10-12,-1,"quantile",0.9,3462
"DE","80+",2025-10-23,2025-10-12,-1,"quantile",0.925,3535
"DE","80+",2025-10-23,2025-10-12,-1,"quantile",0.95,3640
"DE","80+",2025-10-23,2025-10-12,-1,"quantile",0.975,3825
"DE","80+",2025-10-23,2025-10-05,-2,"mean",NA,2729
"DE","80+",2025-10-23,2025-10-05,-2,"quantile",0.025,2688
"DE","80+",2025-10-23,2025-10-05,-2,"quantile",0.05,2688
"DE","80+",2025-10-23,2025-10-05,-2,"quantile",0.075,2688
"DE","80+",2025-10-23,2025-10-05,-2,"quantile",0.1,2688
"DE","80+",2025-10-23,2025-10-05,-2,"quantile",0.125,2688
"DE","80+",2025-10-23,2025-10-05,-2,"quantile",0.15,2688
"DE","80+",2025-10-23,2025-10-05,-2,"quantile",0.175,2688
"DE","80+",2025-10-23,2025-10-05,-2,"quantile",0.2,2688
"DE","80+",2025-10-23,2025-10-05,-2,"quantile",0.225,2688
"DE","80+",2025-10-23,2025-10-05,-2,"quantile",0.25,2688
"DE","80+",2025-10-23,2025-10-05,-2,"quantile",0.275,2688
"DE","80+",2025-10-23,2025-10-05,-2,"quantile",0.3,2689
"DE","80+",2025-10-23,2025-10-05,-2,"quantile",0.325,2689
"DE","80+",2025-10-23,2025-10-05,-2,"quantile",0.35,2689
"DE","80+",2025-10-23,2025-10-05,-2,"quantile",0.375,2690
"DE","80+",2025-10-23,2025-10-05,-2,"quantile",0.4,2691
"DE","80+",2025-10-23,2025-10-05,-2,"quantile",0.425,2691
"DE","80+",2025-10-23,2025-10-05,-2,"quantile",0.45,2692
"DE","80+",2025-10-23,2025-10-05,-2,"quantile",0.475,2693
"DE","80+",2025-10-23,2025-10-05,-2,"quantile",0.5,2695
"DE","80+",2025-10-23,2025-10-05,-2,"quantile",0.525,2696
"DE","80+",2025-10-23,2025-10-05,-2,"quantile",0.55,2698
"DE","80+",2025-10-23,2025-10-05,-2,"quantile",0.575,2700
"DE","80+",2025-10-23,2025-10-05,-2,"quantile",0.6,2703
"DE","80+",2025-10-23,2025-10-05,-2,"quantile",0.625,2706
"DE","80+",2025-10-23,2025-10-05,-2,"quantile",0.65,2709
"DE","80+",2025-10-23,2025-10-05,-2,"quantile",0.675,2713
"DE","80+",2025-10-23,2025-10-05,-2,"quantile",0.7,2718
"DE","80+",2025-10-23,2025-10-05,-2,"quantile",0.725,2723
"DE","80+",2025-10-23,2025-10-05,-2,"quantile",0.75,2730
"DE","80+",2025-10-23,2025-10-05,-2,"quantile",0.775,2737
"DE","80+",2025-10-23,2025-10-05,-2,"quantile",0.8,2747
"DE","80+",2025-10-23,2025-10-05,-2,"quantile",0.825,2758
"DE","80+",2025-10-23,2025-10-05,-2,"quantile",0.85,2771
"DE","80+",2025-10-23,2025-10-05,-2,"quantile",0.875,2788
"DE","80+",2025-10-23,2025-10-05,-2,"quantile",0.9,2811
"DE","80+",2025-10-23,2025-10-05,-2,"quantile",0.925,2841
"DE","80+",2025-10-23,2025-10-05,-2,"quantile",0.95,2887
"DE","80+",2025-10-23,2025-10-05,-2,"quantile",0.975,2971
"DE","80+",2025-10-23,2025-09-28,-3,"mean",NA,2200
"DE","80+",2025-10-23,2025-09-28,-3,"quantile",0.025,2195
"DE","80+",2025-10-23,2025-09-28,-3,"quantile",0.05,2195
"DE","80+",2025-10-23,2025-09-28,-3,"quantile",0.075,2195
"DE","80+",2025-10-23,2025-09-28,-3,"quantile",0.1,2195
"DE","80+",2025-10-23,2025-09-28,-3,"quantile",0.125,2195
"DE","80+",2025-10-23,2025-09-28,-3,"quantile",0.15,2195
"DE","80+",2025-10-23,2025-09-28,-3,"quantile",0.175,2195
"DE","80+",2025-10-23,2025-09-28,-3,"quantile",0.2,2195
"DE","80+",2025-10-23,2025-09-28,-3,"quantile",0.225,2195
"DE","80+",2025-10-23,2025-09-28,-3,"quantile",0.25,2195
"DE","80+",2025-10-23,2025-09-28,-3,"quantile",0.275,2195
"DE","80+",2025-10-23,2025-09-28,-3,"quantile",0.3,2195
"DE","80+",2025-10-23,2025-09-28,-3,"quantile",0.325,2195
"DE","80+",2025-10-23,2025-09-28,-3,"quantile",0.35,2195
"DE","80+",2025-10-23,2025-09-28,-3,"quantile",0.375,2195
"DE","80+",2025-10-23,2025-09-28,-3,"quantile",0.4,2195
"DE","80+",2025-10-23,2025-09-28,-3,"quantile",0.425,2195
"DE","80+",2025-10-23,2025-09-28,-3,"quantile",0.45,2195
"DE","80+",2025-10-23,2025-09-28,-3,"quantile",0.475,2195
"DE","80+",2025-10-23,2025-09-28,-3,"quantile",0.5,2195
"DE","80+",2025-10-23,2025-09-28,-3,"quantile",0.525,2195
"DE","80+",2025-10-23,2025-09-28,-3,"quantile",0.55,2195
"DE","80+",2025-10-23,2025-09-28,-3,"quantile",0.575,2195
"DE","80+",2025-10-23,2025-09-28,-3,"quantile",0.6,2195
"DE","80+",2025-10-23,2025-09-28,-3,"quantile",0.625,2195
"DE","80+",2025-10-23,2025-09-28,-3,"quantile",0.65,2195
"DE","80+",2025-10-23,2025-09-28,-3,"quantile",0.675,2196
"DE","80+",2025-10-23,2025-09-28,-3,"quantile",0.7,2196
"DE","80+",2025-10-23,2025-09-28,-3,"quantile",0.725,2196
"DE","80+",2025-10-23,2025-09-28,-3,"quantile",0.75,2197
"DE","80+",2025-10-23,2025-09-28,-3,"quantile",0.775,2197
"DE","80+",2025-10-23,2025-09-28,-3,"quantile",0.8,2199
"DE","80+",2025-10-23,2025-09-28,-3,"quantile",0.825,2200
"DE","80+",2025-10-23,2025-09-28,-3,"quantile",0.85,2202
"DE","80+",2025-10-23,2025-09-28,-3,"quantile",0.875,2205
"DE","80+",2025-10-23,2025-09-28,-3,"quantile",0.9,2209
"DE","80+",2025-10-23,2025-09-28,-3,"quantile",0.925,2215
"DE","80+",2025-10-23,2025-09-28,-3,"quantile",0.95,2225
"DE","80+",2025-10-23,2025-09-28,-3,"quantile",0.975,2245
